year,period,days_with_data,group,top20_slots,share_of_slots_pct,summed_viewers,share_of_top20_viewers_pct,days_ranked_no1,share_of_days_no1_pct,method,source_url
2016,2016-10-01..2016-12-31,91,VRT,1027,56.5,610857846,63.2,89,97.8,"own calculation from CIM daily Top 20 (North, 4+); partial years flagged by 'period'","https://www.cim.be/nl/televisie (tab Dagelijkse top 20, regio Noord, every day in period)"
2016,2016-10-01..2016-12-31,91,DPG Media (VTM family),639,35.1,284537047,29.4,0,0.0,"own calculation from CIM daily Top 20 (North, 4+); partial years flagged by 'period'","https://www.cim.be/nl/televisie (tab Dagelijkse top 20, regio Noord, every day in period)"
2016,2016-10-01..2016-12-31,91,Play Media (SBS/Play family),151,8.3,71320416,7.4,2,2.2,"own calculation from CIM daily Top 20 (North, 4+); partial years flagged by 'period'","https://www.cim.be/nl/televisie (tab Dagelijkse top 20, regio Noord, every day in period)"
2016,2016-10-01..2016-12-31,91,Other,1,0.1,226284,0.0,0,0.0,"own calculation from CIM daily Top 20 (North, 4+); partial years flagged by 'period'","https://www.cim.be/nl/televisie (tab Dagelijkse top 20, regio Noord, every day in period)"
2016,2016-10-01..2016-12-31,91,Joint simulcast (several groups),0,0.0,0,0.0,0,0.0,"own calculation from CIM daily Top 20 (North, 4+); partial years flagged by 'period'","https://www.cim.be/nl/televisie (tab Dagelijkse top 20, regio Noord, every day in period)"
2017,2017-01-01..2017-12-31,363,VRT,4070,56.1,2193956431,64.7,362,99.7,"own calculation from CIM daily Top 20 (North, 4+); partial years flagged by 'period'","https://www.cim.be/nl/televisie (tab Dagelijkse top 20, regio Noord, every day in period)"
2017,2017-01-01..2017-12-31,363,DPG Media (VTM family),2598,35.8,1010691968,29.8,0,0.0,"own calculation from CIM daily Top 20 (North, 4+); partial years flagged by 'period'","https://www.cim.be/nl/televisie (tab Dagelijkse top 20, regio Noord, every day in period)"
2017,2017-01-01..2017-12-31,363,Play Media (SBS/Play family),586,8.1,182787798,5.4,1,0.3,"own calculation from CIM daily Top 20 (North, 4+); partial years flagged by 'period'","https://www.cim.be/nl/televisie (tab Dagelijkse top 20, regio Noord, every day in period)"
2017,2017-01-01..2017-12-31,363,Other,5,0.1,1278808,0.0,0,0.0,"own calculation from CIM daily Top 20 (North, 4+); partial years flagged by 'period'","https://www.cim.be/nl/televisie (tab Dagelijkse top 20, regio Noord, every day in period)"
2017,2017-01-01..2017-12-31,363,Joint simulcast (several groups),0,0.0,0,0.0,0,0.0,"own calculation from CIM daily Top 20 (North, 4+); partial years flagged by 'period'","https://www.cim.be/nl/televisie (tab Dagelijkse top 20, regio Noord, every day in period)"
2018,2018-01-01..2018-12-31,365,VRT,4129,56.6,2117401791,65.0,351,96.2,"own calculation from CIM daily Top 20 (North, 4+); partial years flagged by 'period'","https://www.cim.be/nl/televisie (tab Dagelijkse top 20, regio Noord, every day in period)"
2018,2018-01-01..2018-12-31,365,DPG Media (VTM family),2556,35.0,957716940,29.4,9,2.5,"own calculation from CIM daily Top 20 (North, 4+); partial years flagged by 'period'","https://www.cim.be/nl/televisie (tab Dagelijkse top 20, regio Noord, every day in period)"
2018,2018-01-01..2018-12-31,365,Play Media (SBS/Play family),593,8.1,177730748,5.5,4,1.1,"own calculation from CIM daily Top 20 (North, 4+); partial years flagged by 'period'","https://www.cim.be/nl/televisie (tab Dagelijkse top 20, regio Noord, every day in period)"
2018,2018-01-01..2018-12-31,365,Other,22,0.3,5779710,0.2,1,0.3,"own calculation from CIM daily Top 20 (North, 4+); partial years flagged by 'period'","https://www.cim.be/nl/televisie (tab Dagelijkse top 20, regio Noord, every day in period)"
2018,2018-01-01..2018-12-31,365,Joint simulcast (several groups),0,0.0,0,0.0,0,0.0,"own calculation from CIM daily Top 20 (North, 4+); partial years flagged by 'period'","https://www.cim.be/nl/televisie (tab Dagelijkse top 20, regio Noord, every day in period)"
2019,2019-01-01..2019-12-31,363,VRT,4185,57.6,2071667488,64.6,352,97.0,"own calculation from CIM daily Top 20 (North, 4+); partial years flagged by 'period'","https://www.cim.be/nl/televisie (tab Dagelijkse top 20, regio Noord, every day in period)"
2019,2019-01-01..2019-12-31,363,DPG Media (VTM family),2438,33.6,930150737,29.0,7,1.9,"own calculation from CIM daily Top 20 (North, 4+); partial years flagged by 'period'","https://www.cim.be/nl/televisie (tab Dagelijkse top 20, regio Noord, every day in period)"
2019,2019-01-01..2019-12-31,363,Play Media (SBS/Play family),631,8.7,202247383,6.3,4,1.1,"own calculation from CIM daily Top 20 (North, 4+); partial years flagged by 'period'","https://www.cim.be/nl/televisie (tab Dagelijkse top 20, regio Noord, every day in period)"
2019,2019-01-01..2019-12-31,363,Other,6,0.1,1315301,0.0,0,0.0,"own calculation from CIM daily Top 20 (North, 4+); partial years flagged by 'period'","https://www.cim.be/nl/televisie (tab Dagelijkse top 20, regio Noord, every day in period)"
2019,2019-01-01..2019-12-31,363,Joint simulcast (several groups),0,0.0,0,0.0,0,0.0,"own calculation from CIM daily Top 20 (North, 4+); partial years flagged by 'period'","https://www.cim.be/nl/televisie (tab Dagelijkse top 20, regio Noord, every day in period)"
2020,2020-01-01..2020-12-31,366,VRT,4239,57.9,2356838814,64.8,351,95.9,"own calculation from CIM daily Top 20 (North, 4+); partial years flagged by 'period'","https://www.cim.be/nl/televisie (tab Dagelijkse top 20, regio Noord, every day in period)"
2020,2020-01-01..2020-12-31,366,DPG Media (VTM family),2470,33.7,1064942697,29.3,8,2.2,"own calculation from CIM daily Top 20 (North, 4+); partial years flagged by 'period'","https://www.cim.be/nl/televisie (tab Dagelijkse top 20, regio Noord, every day in period)"
2020,2020-01-01..2020-12-31,366,Play Media (SBS/Play family),606,8.3,211810710,5.8,7,1.9,"own calculation from CIM daily Top 20 (North, 4+); partial years flagged by 'period'","https://www.cim.be/nl/televisie (tab Dagelijkse top 20, regio Noord, every day in period)"
2020,2020-01-01..2020-12-31,366,Other,5,0.1,811188,0.0,0,0.0,"own calculation from CIM daily Top 20 (North, 4+); partial years flagged by 'period'","https://www.cim.be/nl/televisie (tab Dagelijkse top 20, regio Noord, every day in period)"
2020,2020-01-01..2020-12-31,366,Joint simulcast (several groups),0,0.0,0,0.0,0,0.0,"own calculation from CIM daily Top 20 (North, 4+); partial years flagged by 'period'","https://www.cim.be/nl/televisie (tab Dagelijkse top 20, regio Noord, every day in period)"
2021,2021-01-01..2021-12-31,365,VRT,4359,59.7,2274577403,68.1,351,96.2,"own calculation from CIM daily Top 20 (North, 4+); partial years flagged by 'period'","https://www.cim.be/nl/televisie (tab Dagelijkse top 20, regio Noord, every day in period)"
2021,2021-01-01..2021-12-31,365,DPG Media (VTM family),2338,32.0,875208373,26.2,6,1.6,"own calculation from CIM daily Top 20 (North, 4+); partial years flagged by 'period'","https://www.cim.be/nl/televisie (tab Dagelijkse top 20, regio Noord, every day in period)"
2021,2021-01-01..2021-12-31,365,Play Media (SBS/Play family),542,7.4,180618897,5.4,8,2.2,"own calculation from CIM daily Top 20 (North, 4+); partial years flagged by 'period'","https://www.cim.be/nl/televisie (tab Dagelijkse top 20, regio Noord, every day in period)"
2021,2021-01-01..2021-12-31,365,Other,61,0.8,10850190,0.3,0,0.0,"own calculation from CIM daily Top 20 (North, 4+); partial years flagged by 'period'","https://www.cim.be/nl/televisie (tab Dagelijkse top 20, regio Noord, every day in period)"
2021,2021-01-01..2021-12-31,365,Joint simulcast (several groups),0,0.0,0,0.0,0,0.0,"own calculation from CIM daily Top 20 (North, 4+); partial years flagged by 'period'","https://www.cim.be/nl/televisie (tab Dagelijkse top 20, regio Noord, every day in period)"
2022,2022-01-01..2022-12-31,365,VRT,4429,60.7,2068649208,68.5,344,94.2,"own calculation from CIM daily Top 20 (North, 4+); partial years flagged by 'period'","https://www.cim.be/nl/televisie (tab Dagelijkse top 20, regio Noord, every day in period)"
2022,2022-01-01..2022-12-31,365,DPG Media (VTM family),2391,32.8,816775851,27.1,16,4.4,"own calculation from CIM daily Top 20 (North, 4+); partial years flagged by 'period'","https://www.cim.be/nl/televisie (tab Dagelijkse top 20, regio Noord, every day in period)"
2022,2022-01-01..2022-12-31,365,Play Media (SBS/Play family),453,6.2,128823066,4.3,4,1.1,"own calculation from CIM daily Top 20 (North, 4+); partial years flagged by 'period'","https://www.cim.be/nl/televisie (tab Dagelijkse top 20, regio Noord, every day in period)"
2022,2022-01-01..2022-12-31,365,Other,26,0.4,3765764,0.1,0,0.0,"own calculation from CIM daily Top 20 (North, 4+); partial years flagged by 'period'","https://www.cim.be/nl/televisie (tab Dagelijkse top 20, regio Noord, every day in period)"
2022,2022-01-01..2022-12-31,365,Joint simulcast (several groups),1,0.0,1080351,0.0,1,0.3,"own calculation from CIM daily Top 20 (North, 4+); partial years flagged by 'period'","https://www.cim.be/nl/televisie (tab Dagelijkse top 20, regio Noord, every day in period)"
2023,2023-01-01..2023-12-31,365,VRT,4292,58.8,1977783245,66.0,334,91.5,"own calculation from CIM daily Top 20 (North, 4+); partial years flagged by 'period'","https://www.cim.be/nl/televisie (tab Dagelijkse top 20, regio Noord, every day in period)"
2023,2023-01-01..2023-12-31,365,DPG Media (VTM family),2320,31.8,825128761,27.5,16,4.4,"own calculation from CIM daily Top 20 (North, 4+); partial years flagged by 'period'","https://www.cim.be/nl/televisie (tab Dagelijkse top 20, regio Noord, every day in period)"
2023,2023-01-01..2023-12-31,365,Play Media (SBS/Play family),642,8.8,186895292,6.2,14,3.8,"own calculation from CIM daily Top 20 (North, 4+); partial years flagged by 'period'","https://www.cim.be/nl/televisie (tab Dagelijkse top 20, regio Noord, every day in period)"
2023,2023-01-01..2023-12-31,365,Other,45,0.6,6497846,0.2,0,0.0,"own calculation from CIM daily Top 20 (North, 4+); partial years flagged by 'period'","https://www.cim.be/nl/televisie (tab Dagelijkse top 20, regio Noord, every day in period)"
2023,2023-01-01..2023-12-31,365,Joint simulcast (several groups),1,0.0,1315630,0.0,1,0.3,"own calculation from CIM daily Top 20 (North, 4+); partial years flagged by 'period'","https://www.cim.be/nl/televisie (tab Dagelijkse top 20, regio Noord, every day in period)"
2024,2024-01-01..2024-12-31,366,VRT,4207,57.5,1950046236,63.6,314,85.8,"own calculation from CIM daily Top 20 (North, 4+); partial years flagged by 'period'","https://www.cim.be/nl/televisie (tab Dagelijkse top 20, regio Noord, every day in period)"
2024,2024-01-01..2024-12-31,366,DPG Media (VTM family),2328,31.8,862247841,28.1,18,4.9,"own calculation from CIM daily Top 20 (North, 4+); partial years flagged by 'period'","https://www.cim.be/nl/televisie (tab Dagelijkse top 20, regio Noord, every day in period)"
2024,2024-01-01..2024-12-31,366,Play Media (SBS/Play family),772,10.5,250454490,8.2,33,9.0,"own calculation from CIM daily Top 20 (North, 4+); partial years flagged by 'period'","https://www.cim.be/nl/televisie (tab Dagelijkse top 20, regio Noord, every day in period)"
2024,2024-01-01..2024-12-31,366,Other,12,0.2,1884302,0.1,0,0.0,"own calculation from CIM daily Top 20 (North, 4+); partial years flagged by 'period'","https://www.cim.be/nl/televisie (tab Dagelijkse top 20, regio Noord, every day in period)"
2024,2024-01-01..2024-12-31,366,Joint simulcast (several groups),1,0.0,1450394,0.0,1,0.3,"own calculation from CIM daily Top 20 (North, 4+); partial years flagged by 'period'","https://www.cim.be/nl/televisie (tab Dagelijkse top 20, regio Noord, every day in period)"
2025,2025-01-01..2025-12-31,365,VRT,4405,60.3,1903018738,64.1,304,83.3,"own calculation from CIM daily Top 20 (North, 4+); partial years flagged by 'period'","https://www.cim.be/nl/televisie (tab Dagelijkse top 20, regio Noord, every day in period)"
2025,2025-01-01..2025-12-31,365,DPG Media (VTM family),2214,30.3,845456638,28.5,12,3.3,"own calculation from CIM daily Top 20 (North, 4+); partial years flagged by 'period'","https://www.cim.be/nl/televisie (tab Dagelijkse top 20, regio Noord, every day in period)"
2025,2025-01-01..2025-12-31,365,Play Media (SBS/Play family),668,9.2,218792182,7.4,49,13.4,"own calculation from CIM daily Top 20 (North, 4+); partial years flagged by 'period'","https://www.cim.be/nl/televisie (tab Dagelijkse top 20, regio Noord, every day in period)"
2025,2025-01-01..2025-12-31,365,Other,13,0.2,2009238,0.1,0,0.0,"own calculation from CIM daily Top 20 (North, 4+); partial years flagged by 'period'","https://www.cim.be/nl/televisie (tab Dagelijkse top 20, regio Noord, every day in period)"
2025,2025-01-01..2025-12-31,365,Joint simulcast (several groups),0,0.0,0,0.0,0,0.0,"own calculation from CIM daily Top 20 (North, 4+); partial years flagged by 'period'","https://www.cim.be/nl/televisie (tab Dagelijkse top 20, regio Noord, every day in period)"
2026,2026-01-01..2026-10-01,271,VRT,3255,60.1,1268585199,65.6,256,94.5,"own calculation from CIM daily Top 20 (North, 4+); partial years flagged by 'period'","https://www.cim.be/nl/televisie (tab Dagelijkse top 20, regio Noord, every day in period)"
2026,2026-01-01..2026-10-01,271,DPG Media (VTM family),1704,31.4,552165081,28.5,7,2.6,"own calculation from CIM daily Top 20 (North, 4+); partial years flagged by 'period'","https://www.cim.be/nl/televisie (tab Dagelijkse top 20, regio Noord, every day in period)"
2026,2026-01-01..2026-10-01,271,Play Media (SBS/Play family),455,8.4,113077094,5.8,8,3.0,"own calculation from CIM daily Top 20 (North, 4+); partial years flagged by 'period'","https://www.cim.be/nl/televisie (tab Dagelijkse top 20, regio Noord, every day in period)"
2026,2026-01-01..2026-10-01,271,Other,6,0.1,743716,0.0,0,0.0,"own calculation from CIM daily Top 20 (North, 4+); partial years flagged by 'period'","https://www.cim.be/nl/televisie (tab Dagelijkse top 20, regio Noord, every day in period)"
2026,2026-01-01..2026-10-01,271,Joint simulcast (several groups),0,0.0,0,0.0,0,0.0,"own calculation from CIM daily Top 20 (North, 4+); partial years flagged by 'period'","https://www.cim.be/nl/televisie (tab Dagelijkse top 20, regio Noord, every day in period)"
