year,group,entries_in_top100,n_entries,method,source_url
2018,VRT,75,100,own calculation: count of CIM yearly Top 100 entries by channel group,"https://www.cim.be/nl/televisie (tab Top 100 jaar, jaar 2018, regio Noord)"
2018,DPG Media (VTM family),22,100,own calculation: count of CIM yearly Top 100 entries by channel group,"https://www.cim.be/nl/televisie (tab Top 100 jaar, jaar 2018, regio Noord)"
2018,Play Media (SBS/Play family),3,100,own calculation: count of CIM yearly Top 100 entries by channel group,"https://www.cim.be/nl/televisie (tab Top 100 jaar, jaar 2018, regio Noord)"
2018,Other,0,100,own calculation: count of CIM yearly Top 100 entries by channel group,"https://www.cim.be/nl/televisie (tab Top 100 jaar, jaar 2018, regio Noord)"
2018,Joint simulcast (several groups),0,100,own calculation: count of CIM yearly Top 100 entries by channel group,"https://www.cim.be/nl/televisie (tab Top 100 jaar, jaar 2018, regio Noord)"
2019,VRT,66,100,own calculation: count of CIM yearly Top 100 entries by channel group,"https://www.cim.be/nl/televisie (tab Top 100 jaar, jaar 2019, regio Noord)"
2019,DPG Media (VTM family),28,100,own calculation: count of CIM yearly Top 100 entries by channel group,"https://www.cim.be/nl/televisie (tab Top 100 jaar, jaar 2019, regio Noord)"
2019,Play Media (SBS/Play family),6,100,own calculation: count of CIM yearly Top 100 entries by channel group,"https://www.cim.be/nl/televisie (tab Top 100 jaar, jaar 2019, regio Noord)"
2019,Other,0,100,own calculation: count of CIM yearly Top 100 entries by channel group,"https://www.cim.be/nl/televisie (tab Top 100 jaar, jaar 2019, regio Noord)"
2019,Joint simulcast (several groups),0,100,own calculation: count of CIM yearly Top 100 entries by channel group,"https://www.cim.be/nl/televisie (tab Top 100 jaar, jaar 2019, regio Noord)"
2020,VRT,70,100,own calculation: count of CIM yearly Top 100 entries by channel group,"https://www.cim.be/nl/televisie (tab Top 100 jaar, jaar 2020, regio Noord)"
2020,DPG Media (VTM family),25,100,own calculation: count of CIM yearly Top 100 entries by channel group,"https://www.cim.be/nl/televisie (tab Top 100 jaar, jaar 2020, regio Noord)"
2020,Play Media (SBS/Play family),5,100,own calculation: count of CIM yearly Top 100 entries by channel group,"https://www.cim.be/nl/televisie (tab Top 100 jaar, jaar 2020, regio Noord)"
2020,Other,0,100,own calculation: count of CIM yearly Top 100 entries by channel group,"https://www.cim.be/nl/televisie (tab Top 100 jaar, jaar 2020, regio Noord)"
2020,Joint simulcast (several groups),0,100,own calculation: count of CIM yearly Top 100 entries by channel group,"https://www.cim.be/nl/televisie (tab Top 100 jaar, jaar 2020, regio Noord)"
2021,VRT,77,100,own calculation: count of CIM yearly Top 100 entries by channel group,"https://www.cim.be/nl/televisie (tab Top 100 jaar, jaar 2021, regio Noord)"
2021,DPG Media (VTM family),17,100,own calculation: count of CIM yearly Top 100 entries by channel group,"https://www.cim.be/nl/televisie (tab Top 100 jaar, jaar 2021, regio Noord)"
2021,Play Media (SBS/Play family),6,100,own calculation: count of CIM yearly Top 100 entries by channel group,"https://www.cim.be/nl/televisie (tab Top 100 jaar, jaar 2021, regio Noord)"
2021,Other,0,100,own calculation: count of CIM yearly Top 100 entries by channel group,"https://www.cim.be/nl/televisie (tab Top 100 jaar, jaar 2021, regio Noord)"
2021,Joint simulcast (several groups),0,100,own calculation: count of CIM yearly Top 100 entries by channel group,"https://www.cim.be/nl/televisie (tab Top 100 jaar, jaar 2021, regio Noord)"
2022,VRT,78,100,own calculation: count of CIM yearly Top 100 entries by channel group,"https://www.cim.be/nl/televisie (tab Top 100 jaar, jaar 2022, regio Noord)"
2022,DPG Media (VTM family),15,100,own calculation: count of CIM yearly Top 100 entries by channel group,"https://www.cim.be/nl/televisie (tab Top 100 jaar, jaar 2022, regio Noord)"
2022,Play Media (SBS/Play family),6,100,own calculation: count of CIM yearly Top 100 entries by channel group,"https://www.cim.be/nl/televisie (tab Top 100 jaar, jaar 2022, regio Noord)"
2022,Other,0,100,own calculation: count of CIM yearly Top 100 entries by channel group,"https://www.cim.be/nl/televisie (tab Top 100 jaar, jaar 2022, regio Noord)"
2022,Joint simulcast (several groups),1,100,own calculation: count of CIM yearly Top 100 entries by channel group,"https://www.cim.be/nl/televisie (tab Top 100 jaar, jaar 2022, regio Noord)"
2023,VRT,66,100,own calculation: count of CIM yearly Top 100 entries by channel group,"https://www.cim.be/nl/televisie (tab Top 100 jaar, jaar 2023, regio Noord)"
2023,DPG Media (VTM family),25,100,own calculation: count of CIM yearly Top 100 entries by channel group,"https://www.cim.be/nl/televisie (tab Top 100 jaar, jaar 2023, regio Noord)"
2023,Play Media (SBS/Play family),7,100,own calculation: count of CIM yearly Top 100 entries by channel group,"https://www.cim.be/nl/televisie (tab Top 100 jaar, jaar 2023, regio Noord)"
2023,Other,1,100,own calculation: count of CIM yearly Top 100 entries by channel group,"https://www.cim.be/nl/televisie (tab Top 100 jaar, jaar 2023, regio Noord)"
2023,Joint simulcast (several groups),1,100,own calculation: count of CIM yearly Top 100 entries by channel group,"https://www.cim.be/nl/televisie (tab Top 100 jaar, jaar 2023, regio Noord)"
2024,VRT,79,100,own calculation: count of CIM yearly Top 100 entries by channel group,"https://www.cim.be/nl/televisie (tab Top 100 jaar, jaar 2024, regio Noord)"
2024,DPG Media (VTM family),14,100,own calculation: count of CIM yearly Top 100 entries by channel group,"https://www.cim.be/nl/televisie (tab Top 100 jaar, jaar 2024, regio Noord)"
2024,Play Media (SBS/Play family),6,100,own calculation: count of CIM yearly Top 100 entries by channel group,"https://www.cim.be/nl/televisie (tab Top 100 jaar, jaar 2024, regio Noord)"
2024,Other,0,100,own calculation: count of CIM yearly Top 100 entries by channel group,"https://www.cim.be/nl/televisie (tab Top 100 jaar, jaar 2024, regio Noord)"
2024,Joint simulcast (several groups),1,100,own calculation: count of CIM yearly Top 100 entries by channel group,"https://www.cim.be/nl/televisie (tab Top 100 jaar, jaar 2024, regio Noord)"
2025,VRT,64,100,own calculation: count of CIM yearly Top 100 entries by channel group,"https://www.cim.be/nl/televisie (tab Top 100 jaar, jaar 2025, regio Noord)"
2025,DPG Media (VTM family),29,100,own calculation: count of CIM yearly Top 100 entries by channel group,"https://www.cim.be/nl/televisie (tab Top 100 jaar, jaar 2025, regio Noord)"
2025,Play Media (SBS/Play family),6,100,own calculation: count of CIM yearly Top 100 entries by channel group,"https://www.cim.be/nl/televisie (tab Top 100 jaar, jaar 2025, regio Noord)"
2025,Other,0,100,own calculation: count of CIM yearly Top 100 entries by channel group,"https://www.cim.be/nl/televisie (tab Top 100 jaar, jaar 2025, regio Noord)"
2025,Joint simulcast (several groups),1,100,own calculation: count of CIM yearly Top 100 entries by channel group,"https://www.cim.be/nl/televisie (tab Top 100 jaar, jaar 2025, regio Noord)"
