month,matched_programmes,mean_ratio_daily_to_yearly,min_ratio,max_ratio,method,source_url
2018-01,16,0.9,0.798,0.997,own calculation: CIM daily Top-20 value / CIM yearly Top-100 value for the same programme title and date,"https://www.cim.be/nl/televisie (daily Top 20 and yearly Top 100, regio Noord)"
2018-02,6,0.789,0.605,0.883,own calculation: CIM daily Top-20 value / CIM yearly Top-100 value for the same programme title and date,"https://www.cim.be/nl/televisie (daily Top 20 and yearly Top 100, regio Noord)"
2018-03,10,0.902,0.762,0.999,own calculation: CIM daily Top-20 value / CIM yearly Top-100 value for the same programme title and date,"https://www.cim.be/nl/televisie (daily Top 20 and yearly Top 100, regio Noord)"
2018-04,4,0.928,0.829,0.998,own calculation: CIM daily Top-20 value / CIM yearly Top-100 value for the same programme title and date,"https://www.cim.be/nl/televisie (daily Top 20 and yearly Top 100, regio Noord)"
2018-06,17,0.983,0.864,1.0,own calculation: CIM daily Top-20 value / CIM yearly Top-100 value for the same programme title and date,"https://www.cim.be/nl/televisie (daily Top 20 and yearly Top 100, regio Noord)"
2018-07,8,0.989,0.951,1.0,own calculation: CIM daily Top-20 value / CIM yearly Top-100 value for the same programme title and date,"https://www.cim.be/nl/televisie (daily Top 20 and yearly Top 100, regio Noord)"
2018-09,4,0.921,0.846,0.992,own calculation: CIM daily Top-20 value / CIM yearly Top-100 value for the same programme title and date,"https://www.cim.be/nl/televisie (daily Top 20 and yearly Top 100, regio Noord)"
2018-10,5,0.873,0.652,0.994,own calculation: CIM daily Top-20 value / CIM yearly Top-100 value for the same programme title and date,"https://www.cim.be/nl/televisie (daily Top 20 and yearly Top 100, regio Noord)"
2018-11,7,0.916,0.795,0.996,own calculation: CIM daily Top-20 value / CIM yearly Top-100 value for the same programme title and date,"https://www.cim.be/nl/televisie (daily Top 20 and yearly Top 100, regio Noord)"
2018-12,10,0.885,0.786,0.99,own calculation: CIM daily Top-20 value / CIM yearly Top-100 value for the same programme title and date,"https://www.cim.be/nl/televisie (daily Top 20 and yearly Top 100, regio Noord)"
2019-01,19,0.853,0.491,1.0,own calculation: CIM daily Top-20 value / CIM yearly Top-100 value for the same programme title and date,"https://www.cim.be/nl/televisie (daily Top 20 and yearly Top 100, regio Noord)"
2019-02,14,0.857,0.702,0.999,own calculation: CIM daily Top-20 value / CIM yearly Top-100 value for the same programme title and date,"https://www.cim.be/nl/televisie (daily Top 20 and yearly Top 100, regio Noord)"
2019-03,5,0.894,0.805,1.0,own calculation: CIM daily Top-20 value / CIM yearly Top-100 value for the same programme title and date,"https://www.cim.be/nl/televisie (daily Top 20 and yearly Top 100, regio Noord)"
2019-04,6,0.883,0.713,0.995,own calculation: CIM daily Top-20 value / CIM yearly Top-100 value for the same programme title and date,"https://www.cim.be/nl/televisie (daily Top 20 and yearly Top 100, regio Noord)"
2019-05,6,0.89,0.846,0.925,own calculation: CIM daily Top-20 value / CIM yearly Top-100 value for the same programme title and date,"https://www.cim.be/nl/televisie (daily Top 20 and yearly Top 100, regio Noord)"
2019-06,1,0.867,0.867,0.867,own calculation: CIM daily Top-20 value / CIM yearly Top-100 value for the same programme title and date,"https://www.cim.be/nl/televisie (daily Top 20 and yearly Top 100, regio Noord)"
2019-07,6,0.979,0.936,1.0,own calculation: CIM daily Top-20 value / CIM yearly Top-100 value for the same programme title and date,"https://www.cim.be/nl/televisie (daily Top 20 and yearly Top 100, regio Noord)"
2019-08,2,0.903,0.821,0.984,own calculation: CIM daily Top-20 value / CIM yearly Top-100 value for the same programme title and date,"https://www.cim.be/nl/televisie (daily Top 20 and yearly Top 100, regio Noord)"
2019-09,7,0.872,0.675,0.997,own calculation: CIM daily Top-20 value / CIM yearly Top-100 value for the same programme title and date,"https://www.cim.be/nl/televisie (daily Top 20 and yearly Top 100, regio Noord)"
2019-10,5,0.754,0.69,0.823,own calculation: CIM daily Top-20 value / CIM yearly Top-100 value for the same programme title and date,"https://www.cim.be/nl/televisie (daily Top 20 and yearly Top 100, regio Noord)"
2019-11,4,0.873,0.757,0.999,own calculation: CIM daily Top-20 value / CIM yearly Top-100 value for the same programme title and date,"https://www.cim.be/nl/televisie (daily Top 20 and yearly Top 100, regio Noord)"
2019-12,12,0.928,0.803,0.995,own calculation: CIM daily Top-20 value / CIM yearly Top-100 value for the same programme title and date,"https://www.cim.be/nl/televisie (daily Top 20 and yearly Top 100, regio Noord)"
2020-01,14,0.875,0.732,0.997,own calculation: CIM daily Top-20 value / CIM yearly Top-100 value for the same programme title and date,"https://www.cim.be/nl/televisie (daily Top 20 and yearly Top 100, regio Noord)"
2020-02,3,0.945,0.84,0.999,own calculation: CIM daily Top-20 value / CIM yearly Top-100 value for the same programme title and date,"https://www.cim.be/nl/televisie (daily Top 20 and yearly Top 100, regio Noord)"
2020-03,11,0.93,0.806,1.0,own calculation: CIM daily Top-20 value / CIM yearly Top-100 value for the same programme title and date,"https://www.cim.be/nl/televisie (daily Top 20 and yearly Top 100, regio Noord)"
2020-04,10,0.911,0.779,0.984,own calculation: CIM daily Top-20 value / CIM yearly Top-100 value for the same programme title and date,"https://www.cim.be/nl/televisie (daily Top 20 and yearly Top 100, regio Noord)"
2020-05,6,0.917,0.793,0.994,own calculation: CIM daily Top-20 value / CIM yearly Top-100 value for the same programme title and date,"https://www.cim.be/nl/televisie (daily Top 20 and yearly Top 100, regio Noord)"
2020-06,7,0.919,0.864,0.966,own calculation: CIM daily Top-20 value / CIM yearly Top-100 value for the same programme title and date,"https://www.cim.be/nl/televisie (daily Top 20 and yearly Top 100, regio Noord)"
2020-08,4,0.958,0.877,0.988,own calculation: CIM daily Top-20 value / CIM yearly Top-100 value for the same programme title and date,"https://www.cim.be/nl/televisie (daily Top 20 and yearly Top 100, regio Noord)"
2020-09,5,0.962,0.859,0.999,own calculation: CIM daily Top-20 value / CIM yearly Top-100 value for the same programme title and date,"https://www.cim.be/nl/televisie (daily Top 20 and yearly Top 100, regio Noord)"
2020-10,6,0.921,0.76,1.01,own calculation: CIM daily Top-20 value / CIM yearly Top-100 value for the same programme title and date,"https://www.cim.be/nl/televisie (daily Top 20 and yearly Top 100, regio Noord)"
2020-11,21,0.923,0.792,1.058,own calculation: CIM daily Top-20 value / CIM yearly Top-100 value for the same programme title and date,"https://www.cim.be/nl/televisie (daily Top 20 and yearly Top 100, regio Noord)"
2020-12,12,0.909,0.823,1.0,own calculation: CIM daily Top-20 value / CIM yearly Top-100 value for the same programme title and date,"https://www.cim.be/nl/televisie (daily Top 20 and yearly Top 100, regio Noord)"
2021-01,19,0.918,0.707,1.0,own calculation: CIM daily Top-20 value / CIM yearly Top-100 value for the same programme title and date,"https://www.cim.be/nl/televisie (daily Top 20 and yearly Top 100, regio Noord)"
2021-02,10,0.874,0.646,0.996,own calculation: CIM daily Top-20 value / CIM yearly Top-100 value for the same programme title and date,"https://www.cim.be/nl/televisie (daily Top 20 and yearly Top 100, regio Noord)"
2021-03,8,0.919,0.758,0.999,own calculation: CIM daily Top-20 value / CIM yearly Top-100 value for the same programme title and date,"https://www.cim.be/nl/televisie (daily Top 20 and yearly Top 100, regio Noord)"
2021-04,7,0.874,0.736,0.997,own calculation: CIM daily Top-20 value / CIM yearly Top-100 value for the same programme title and date,"https://www.cim.be/nl/televisie (daily Top 20 and yearly Top 100, regio Noord)"
2021-05,6,0.869,0.709,0.969,own calculation: CIM daily Top-20 value / CIM yearly Top-100 value for the same programme title and date,"https://www.cim.be/nl/televisie (daily Top 20 and yearly Top 100, regio Noord)"
2021-06,14,0.981,0.711,1.035,own calculation: CIM daily Top-20 value / CIM yearly Top-100 value for the same programme title and date,"https://www.cim.be/nl/televisie (daily Top 20 and yearly Top 100, regio Noord)"
2021-07,5,1.012,0.999,1.022,own calculation: CIM daily Top-20 value / CIM yearly Top-100 value for the same programme title and date,"https://www.cim.be/nl/televisie (daily Top 20 and yearly Top 100, regio Noord)"
2021-08,3,0.979,0.933,1.004,own calculation: CIM daily Top-20 value / CIM yearly Top-100 value for the same programme title and date,"https://www.cim.be/nl/televisie (daily Top 20 and yearly Top 100, regio Noord)"
2021-09,4,0.909,0.801,1.007,own calculation: CIM daily Top-20 value / CIM yearly Top-100 value for the same programme title and date,"https://www.cim.be/nl/televisie (daily Top 20 and yearly Top 100, regio Noord)"
2021-10,5,0.941,0.864,1.003,own calculation: CIM daily Top-20 value / CIM yearly Top-100 value for the same programme title and date,"https://www.cim.be/nl/televisie (daily Top 20 and yearly Top 100, regio Noord)"
2021-11,3,0.894,0.797,0.992,own calculation: CIM daily Top-20 value / CIM yearly Top-100 value for the same programme title and date,"https://www.cim.be/nl/televisie (daily Top 20 and yearly Top 100, regio Noord)"
2021-12,11,0.861,0.709,0.997,own calculation: CIM daily Top-20 value / CIM yearly Top-100 value for the same programme title and date,"https://www.cim.be/nl/televisie (daily Top 20 and yearly Top 100, regio Noord)"
2022-01,24,0.889,0.638,1.0,own calculation: CIM daily Top-20 value / CIM yearly Top-100 value for the same programme title and date,"https://www.cim.be/nl/televisie (daily Top 20 and yearly Top 100, regio Noord)"
2022-02,14,0.849,0.586,0.998,own calculation: CIM daily Top-20 value / CIM yearly Top-100 value for the same programme title and date,"https://www.cim.be/nl/televisie (daily Top 20 and yearly Top 100, regio Noord)"
2022-03,7,0.854,0.777,0.982,own calculation: CIM daily Top-20 value / CIM yearly Top-100 value for the same programme title and date,"https://www.cim.be/nl/televisie (daily Top 20 and yearly Top 100, regio Noord)"
2022-04,8,0.889,0.758,1.0,own calculation: CIM daily Top-20 value / CIM yearly Top-100 value for the same programme title and date,"https://www.cim.be/nl/televisie (daily Top 20 and yearly Top 100, regio Noord)"
2022-05,3,0.811,0.635,0.978,own calculation: CIM daily Top-20 value / CIM yearly Top-100 value for the same programme title and date,"https://www.cim.be/nl/televisie (daily Top 20 and yearly Top 100, regio Noord)"
2022-06,7,0.958,0.875,0.995,own calculation: CIM daily Top-20 value / CIM yearly Top-100 value for the same programme title and date,"https://www.cim.be/nl/televisie (daily Top 20 and yearly Top 100, regio Noord)"
2022-07,4,0.968,0.926,1.0,own calculation: CIM daily Top-20 value / CIM yearly Top-100 value for the same programme title and date,"https://www.cim.be/nl/televisie (daily Top 20 and yearly Top 100, regio Noord)"
2022-08,4,0.838,0.76,0.881,own calculation: CIM daily Top-20 value / CIM yearly Top-100 value for the same programme title and date,"https://www.cim.be/nl/televisie (daily Top 20 and yearly Top 100, regio Noord)"
2022-09,3,0.879,0.754,0.984,own calculation: CIM daily Top-20 value / CIM yearly Top-100 value for the same programme title and date,"https://www.cim.be/nl/televisie (daily Top 20 and yearly Top 100, regio Noord)"
2022-10,3,0.826,0.785,0.885,own calculation: CIM daily Top-20 value / CIM yearly Top-100 value for the same programme title and date,"https://www.cim.be/nl/televisie (daily Top 20 and yearly Top 100, regio Noord)"
2022-11,8,0.921,0.758,0.999,own calculation: CIM daily Top-20 value / CIM yearly Top-100 value for the same programme title and date,"https://www.cim.be/nl/televisie (daily Top 20 and yearly Top 100, regio Noord)"
2022-12,15,0.896,0.639,1.0,own calculation: CIM daily Top-20 value / CIM yearly Top-100 value for the same programme title and date,"https://www.cim.be/nl/televisie (daily Top 20 and yearly Top 100, regio Noord)"
2023-01,19,0.792,0.515,0.994,own calculation: CIM daily Top-20 value / CIM yearly Top-100 value for the same programme title and date,"https://www.cim.be/nl/televisie (daily Top 20 and yearly Top 100, regio Noord)"
2023-02,13,0.852,0.584,0.996,own calculation: CIM daily Top-20 value / CIM yearly Top-100 value for the same programme title and date,"https://www.cim.be/nl/televisie (daily Top 20 and yearly Top 100, regio Noord)"
2023-03,9,0.828,0.543,0.998,own calculation: CIM daily Top-20 value / CIM yearly Top-100 value for the same programme title and date,"https://www.cim.be/nl/televisie (daily Top 20 and yearly Top 100, regio Noord)"
2023-04,7,0.881,0.649,0.999,own calculation: CIM daily Top-20 value / CIM yearly Top-100 value for the same programme title and date,"https://www.cim.be/nl/televisie (daily Top 20 and yearly Top 100, regio Noord)"
2023-05,5,0.795,0.586,0.99,own calculation: CIM daily Top-20 value / CIM yearly Top-100 value for the same programme title and date,"https://www.cim.be/nl/televisie (daily Top 20 and yearly Top 100, regio Noord)"
2023-06,4,0.941,0.781,0.997,own calculation: CIM daily Top-20 value / CIM yearly Top-100 value for the same programme title and date,"https://www.cim.be/nl/televisie (daily Top 20 and yearly Top 100, regio Noord)"
2023-07,6,1.002,1.001,1.003,own calculation: CIM daily Top-20 value / CIM yearly Top-100 value for the same programme title and date,"https://www.cim.be/nl/televisie (daily Top 20 and yearly Top 100, regio Noord)"
2023-08,5,1.004,1.001,1.008,own calculation: CIM daily Top-20 value / CIM yearly Top-100 value for the same programme title and date,"https://www.cim.be/nl/televisie (daily Top 20 and yearly Top 100, regio Noord)"
2023-09,6,1.008,1.003,1.019,own calculation: CIM daily Top-20 value / CIM yearly Top-100 value for the same programme title and date,"https://www.cim.be/nl/televisie (daily Top 20 and yearly Top 100, regio Noord)"
2023-10,8,1.005,1.0,1.015,own calculation: CIM daily Top-20 value / CIM yearly Top-100 value for the same programme title and date,"https://www.cim.be/nl/televisie (daily Top 20 and yearly Top 100, regio Noord)"
2023-11,9,1.012,1.002,1.036,own calculation: CIM daily Top-20 value / CIM yearly Top-100 value for the same programme title and date,"https://www.cim.be/nl/televisie (daily Top 20 and yearly Top 100, regio Noord)"
2023-12,8,1.008,1.001,1.038,own calculation: CIM daily Top-20 value / CIM yearly Top-100 value for the same programme title and date,"https://www.cim.be/nl/televisie (daily Top 20 and yearly Top 100, regio Noord)"
2024-01,21,0.991,0.959,1.006,own calculation: CIM daily Top-20 value / CIM yearly Top-100 value for the same programme title and date,"https://www.cim.be/nl/televisie (daily Top 20 and yearly Top 100, regio Noord)"
2024-02,10,0.988,0.952,1.004,own calculation: CIM daily Top-20 value / CIM yearly Top-100 value for the same programme title and date,"https://www.cim.be/nl/televisie (daily Top 20 and yearly Top 100, regio Noord)"
2024-03,14,0.986,0.938,1.017,own calculation: CIM daily Top-20 value / CIM yearly Top-100 value for the same programme title and date,"https://www.cim.be/nl/televisie (daily Top 20 and yearly Top 100, regio Noord)"
2024-04,6,0.97,0.917,1.002,own calculation: CIM daily Top-20 value / CIM yearly Top-100 value for the same programme title and date,"https://www.cim.be/nl/televisie (daily Top 20 and yearly Top 100, regio Noord)"
2024-05,4,0.965,0.913,0.988,own calculation: CIM daily Top-20 value / CIM yearly Top-100 value for the same programme title and date,"https://www.cim.be/nl/televisie (daily Top 20 and yearly Top 100, regio Noord)"
2024-06,12,0.999,0.995,1.0,own calculation: CIM daily Top-20 value / CIM yearly Top-100 value for the same programme title and date,"https://www.cim.be/nl/televisie (daily Top 20 and yearly Top 100, regio Noord)"
2024-07,12,1.0,1.0,1.0,own calculation: CIM daily Top-20 value / CIM yearly Top-100 value for the same programme title and date,"https://www.cim.be/nl/televisie (daily Top 20 and yearly Top 100, regio Noord)"
2024-08,4,1.0,1.0,1.0,own calculation: CIM daily Top-20 value / CIM yearly Top-100 value for the same programme title and date,"https://www.cim.be/nl/televisie (daily Top 20 and yearly Top 100, regio Noord)"
2024-09,5,0.998,0.994,0.999,own calculation: CIM daily Top-20 value / CIM yearly Top-100 value for the same programme title and date,"https://www.cim.be/nl/televisie (daily Top 20 and yearly Top 100, regio Noord)"
2024-10,2,1.0,0.999,1.0,own calculation: CIM daily Top-20 value / CIM yearly Top-100 value for the same programme title and date,"https://www.cim.be/nl/televisie (daily Top 20 and yearly Top 100, regio Noord)"
2024-11,4,1.0,1.0,1.0,own calculation: CIM daily Top-20 value / CIM yearly Top-100 value for the same programme title and date,"https://www.cim.be/nl/televisie (daily Top 20 and yearly Top 100, regio Noord)"
2024-12,6,1.0,1.0,1.0,own calculation: CIM daily Top-20 value / CIM yearly Top-100 value for the same programme title and date,"https://www.cim.be/nl/televisie (daily Top 20 and yearly Top 100, regio Noord)"
2025-01,24,1.0,1.0,1.0,own calculation: CIM daily Top-20 value / CIM yearly Top-100 value for the same programme title and date,"https://www.cim.be/nl/televisie (daily Top 20 and yearly Top 100, regio Noord)"
2025-02,9,0.959,0.63,1.0,own calculation: CIM daily Top-20 value / CIM yearly Top-100 value for the same programme title and date,"https://www.cim.be/nl/televisie (daily Top 20 and yearly Top 100, regio Noord)"
2025-03,10,1.0,1.0,1.0,own calculation: CIM daily Top-20 value / CIM yearly Top-100 value for the same programme title and date,"https://www.cim.be/nl/televisie (daily Top 20 and yearly Top 100, regio Noord)"
2025-04,8,1.0,1.0,1.0,own calculation: CIM daily Top-20 value / CIM yearly Top-100 value for the same programme title and date,"https://www.cim.be/nl/televisie (daily Top 20 and yearly Top 100, regio Noord)"
2025-05,4,1.0,1.0,1.0,own calculation: CIM daily Top-20 value / CIM yearly Top-100 value for the same programme title and date,"https://www.cim.be/nl/televisie (daily Top 20 and yearly Top 100, regio Noord)"
2025-06,6,1.0,1.0,1.0,own calculation: CIM daily Top-20 value / CIM yearly Top-100 value for the same programme title and date,"https://www.cim.be/nl/televisie (daily Top 20 and yearly Top 100, regio Noord)"
2025-07,5,1.0,1.0,1.0,own calculation: CIM daily Top-20 value / CIM yearly Top-100 value for the same programme title and date,"https://www.cim.be/nl/televisie (daily Top 20 and yearly Top 100, regio Noord)"
2025-08,4,1.0,1.0,1.001,own calculation: CIM daily Top-20 value / CIM yearly Top-100 value for the same programme title and date,"https://www.cim.be/nl/televisie (daily Top 20 and yearly Top 100, regio Noord)"
2025-09,10,1.0,1.0,1.0,own calculation: CIM daily Top-20 value / CIM yearly Top-100 value for the same programme title and date,"https://www.cim.be/nl/televisie (daily Top 20 and yearly Top 100, regio Noord)"
2025-10,6,1.0,1.0,1.0,own calculation: CIM daily Top-20 value / CIM yearly Top-100 value for the same programme title and date,"https://www.cim.be/nl/televisie (daily Top 20 and yearly Top 100, regio Noord)"
2025-11,3,1.0,1.0,1.0,own calculation: CIM daily Top-20 value / CIM yearly Top-100 value for the same programme title and date,"https://www.cim.be/nl/televisie (daily Top 20 and yearly Top 100, regio Noord)"
2025-12,11,0.98,0.913,1.0,own calculation: CIM daily Top-20 value / CIM yearly Top-100 value for the same programme title and date,"https://www.cim.be/nl/televisie (daily Top 20 and yearly Top 100, regio Noord)"
