year,channel_as_listed_by_cim,group,share_pct_4plus_fullday,metric,source,source_url,notes
2018,EEN,VRT,30.36,"Market share (marktaandeel), total population 4+, full day 02:00-26:00","CIM TV yearly market shares (region North), as published on cim.be","https://www.cim.be/nl/televisie (tab Marktaandelen, jaar 2018, regio Noord)",value published in basis points (e.g. 3036 = 30.36%)
2018,VTM,DPG Media (VTM family),19.48,"Market share (marktaandeel), total population 4+, full day 02:00-26:00","CIM TV yearly market shares (region North), as published on cim.be","https://www.cim.be/nl/televisie (tab Marktaandelen, jaar 2018, regio Noord)",value published in basis points (e.g. 3036 = 30.36%)
2018,VIER,Play Media (SBS/Play family),7.28,"Market share (marktaandeel), total population 4+, full day 02:00-26:00","CIM TV yearly market shares (region North), as published on cim.be","https://www.cim.be/nl/televisie (tab Marktaandelen, jaar 2018, regio Noord)",value published in basis points (e.g. 3036 = 30.36%)
2018,Canvas,VRT,5.52,"Market share (marktaandeel), total population 4+, full day 02:00-26:00","CIM TV yearly market shares (region North), as published on cim.be","https://www.cim.be/nl/televisie (tab Marktaandelen, jaar 2018, regio Noord)",value published in basis points (e.g. 3036 = 30.36%)
2018,VITAYA,DPG Media (VTM family),5.14,"Market share (marktaandeel), total population 4+, full day 02:00-26:00","CIM TV yearly market shares (region North), as published on cim.be","https://www.cim.be/nl/televisie (tab Marktaandelen, jaar 2018, regio Noord)",value published in basis points (e.g. 3036 = 30.36%)
2018,Q2,DPG Media (VTM family),4.04,"Market share (marktaandeel), total population 4+, full day 02:00-26:00","CIM TV yearly market shares (region North), as published on cim.be","https://www.cim.be/nl/televisie (tab Marktaandelen, jaar 2018, regio Noord)",value published in basis points (e.g. 3036 = 30.36%)
2018,VIJF,Play Media (SBS/Play family),3.13,"Market share (marktaandeel), total population 4+, full day 02:00-26:00","CIM TV yearly market shares (region North), as published on cim.be","https://www.cim.be/nl/televisie (tab Marktaandelen, jaar 2018, regio Noord)",value published in basis points (e.g. 3036 = 30.36%)
2018,CAZ,DPG Media (VTM family),2.19,"Market share (marktaandeel), total population 4+, full day 02:00-26:00","CIM TV yearly market shares (region North), as published on cim.be","https://www.cim.be/nl/televisie (tab Marktaandelen, jaar 2018, regio Noord)",value published in basis points (e.g. 3036 = 30.36%)
2018,ZES,Play Media (SBS/Play family),1.98,"Market share (marktaandeel), total population 4+, full day 02:00-26:00","CIM TV yearly market shares (region North), as published on cim.be","https://www.cim.be/nl/televisie (tab Marktaandelen, jaar 2018, regio Noord)",value published in basis points (e.g. 3036 = 30.36%)
2018,KETNET,VRT,1.45,"Market share (marktaandeel), total population 4+, full day 02:00-26:00","CIM TV yearly market shares (region North), as published on cim.be","https://www.cim.be/nl/televisie (tab Marktaandelen, jaar 2018, regio Noord)",value published in basis points (e.g. 3036 = 30.36%)
2018,DISCOVERY CHANNEL VL,Other,1.38,"Market share (marktaandeel), total population 4+, full day 02:00-26:00","CIM TV yearly market shares (region North), as published on cim.be","https://www.cim.be/nl/televisie (tab Marktaandelen, jaar 2018, regio Noord)",value published in basis points (e.g. 3036 = 30.36%)
2018,NATIONAL GEOGRAPHIC,Other,0.91,"Market share (marktaandeel), total population 4+, full day 02:00-26:00","CIM TV yearly market shares (region North), as published on cim.be","https://www.cim.be/nl/televisie (tab Marktaandelen, jaar 2018, regio Noord)",value published in basis points (e.g. 3036 = 30.36%)
2018,TLC,Other,0.87,"Market share (marktaandeel), total population 4+, full day 02:00-26:00","CIM TV yearly market shares (region North), as published on cim.be","https://www.cim.be/nl/televisie (tab Marktaandelen, jaar 2018, regio Noord)",value published in basis points (e.g. 3036 = 30.36%)
2018,NICKELODEON,Other,0.78,"Market share (marktaandeel), total population 4+, full day 02:00-26:00","CIM TV yearly market shares (region North), as published on cim.be","https://www.cim.be/nl/televisie (tab Marktaandelen, jaar 2018, regio Noord)",value published in basis points (e.g. 3036 = 30.36%)
2018,MENT TV NL,Other,0.66,"Market share (marktaandeel), total population 4+, full day 02:00-26:00","CIM TV yearly market shares (region North), as published on cim.be","https://www.cim.be/nl/televisie (tab Marktaandelen, jaar 2018, regio Noord)",value published in basis points (e.g. 3036 = 30.36%)
2018,FOX,Other,0.61,"Market share (marktaandeel), total population 4+, full day 02:00-26:00","CIM TV yearly market shares (region North), as published on cim.be","https://www.cim.be/nl/televisie (tab Marktaandelen, jaar 2018, regio Noord)",value published in basis points (e.g. 3036 = 30.36%)
2018,NICK JR.,Other,0.53,"Market share (marktaandeel), total population 4+, full day 02:00-26:00","CIM TV yearly market shares (region North), as published on cim.be","https://www.cim.be/nl/televisie (tab Marktaandelen, jaar 2018, regio Noord)",value published in basis points (e.g. 3036 = 30.36%)
2018,MTV (NL),Other,0.4,"Market share (marktaandeel), total population 4+, full day 02:00-26:00","CIM TV yearly market shares (region North), as published on cim.be","https://www.cim.be/nl/televisie (tab Marktaandelen, jaar 2018, regio Noord)",value published in basis points (e.g. 3036 = 30.36%)
2018,COMEDY CENTRAL,Other,0.33,"Market share (marktaandeel), total population 4+, full day 02:00-26:00","CIM TV yearly market shares (region North), as published on cim.be","https://www.cim.be/nl/televisie (tab Marktaandelen, jaar 2018, regio Noord)",value published in basis points (e.g. 3036 = 30.36%)
2018,NJAM!,Other,0.3,"Market share (marktaandeel), total population 4+, full day 02:00-26:00","CIM TV yearly market shares (region North), as published on cim.be","https://www.cim.be/nl/televisie (tab Marktaandelen, jaar 2018, regio Noord)",value published in basis points (e.g. 3036 = 30.36%)
2018,VTMKZOOM,DPG Media (VTM family),0.28,"Market share (marktaandeel), total population 4+, full day 02:00-26:00","CIM TV yearly market shares (region North), as published on cim.be","https://www.cim.be/nl/televisie (tab Marktaandelen, jaar 2018, regio Noord)",value published in basis points (e.g. 3036 = 30.36%)
2018,STUDIO 100 TV,Other,0.27,"Market share (marktaandeel), total population 4+, full day 02:00-26:00","CIM TV yearly market shares (region North), as published on cim.be","https://www.cim.be/nl/televisie (tab Marktaandelen, jaar 2018, regio Noord)",value published in basis points (e.g. 3036 = 30.36%)
2018,DISNEY CHANNEL VL,Other,0.25,"Market share (marktaandeel), total population 4+, full day 02:00-26:00","CIM TV yearly market shares (region North), as published on cim.be","https://www.cim.be/nl/televisie (tab Marktaandelen, jaar 2018, regio Noord)",value published in basis points (e.g. 3036 = 30.36%)
2018,EVENAAR,Other,0.25,"Market share (marktaandeel), total population 4+, full day 02:00-26:00","CIM TV yearly market shares (region North), as published on cim.be","https://www.cim.be/nl/televisie (tab Marktaandelen, jaar 2018, regio Noord)",value published in basis points (e.g. 3036 = 30.36%)
2018,CARTOON NETWORK (NL),Other,0.24,"Market share (marktaandeel), total population 4+, full day 02:00-26:00","CIM TV yearly market shares (region North), as published on cim.be","https://www.cim.be/nl/televisie (tab Marktaandelen, jaar 2018, regio Noord)",value published in basis points (e.g. 3036 = 30.36%)
2018,DOBBIT TV,Other,0.22,"Market share (marktaandeel), total population 4+, full day 02:00-26:00","CIM TV yearly market shares (region North), as published on cim.be","https://www.cim.be/nl/televisie (tab Marktaandelen, jaar 2018, regio Noord)",value published in basis points (e.g. 3036 = 30.36%)
2018,PLATTELANDSTV,Other,0.22,"Market share (marktaandeel), total population 4+, full day 02:00-26:00","CIM TV yearly market shares (region North), as published on cim.be","https://www.cim.be/nl/televisie (tab Marktaandelen, jaar 2018, regio Noord)",value published in basis points (e.g. 3036 = 30.36%)
2018,DISNEY JUNIOR NL,Other,0.19,"Market share (marktaandeel), total population 4+, full day 02:00-26:00","CIM TV yearly market shares (region North), as published on cim.be","https://www.cim.be/nl/televisie (tab Marktaandelen, jaar 2018, regio Noord)",value published in basis points (e.g. 3036 = 30.36%)
2018,KADET,Other,0.18,"Market share (marktaandeel), total population 4+, full day 02:00-26:00","CIM TV yearly market shares (region North), as published on cim.be","https://www.cim.be/nl/televisie (tab Marktaandelen, jaar 2018, regio Noord)",value published in basis points (e.g. 3036 = 30.36%)
2018,SPIKE,Other,0.16,"Market share (marktaandeel), total population 4+, full day 02:00-26:00","CIM TV yearly market shares (region North), as published on cim.be","https://www.cim.be/nl/televisie (tab Marktaandelen, jaar 2018, regio Noord)",value published in basis points (e.g. 3036 = 30.36%)
2018,KANAAL Z (NL),Other,0.11,"Market share (marktaandeel), total population 4+, full day 02:00-26:00","CIM TV yearly market shares (region North), as published on cim.be","https://www.cim.be/nl/televisie (tab Marktaandelen, jaar 2018, regio Noord)",value published in basis points (e.g. 3036 = 30.36%)
2018,HISTORY CHANNEL NL,Other,0.1,"Market share (marktaandeel), total population 4+, full day 02:00-26:00","CIM TV yearly market shares (region North), as published on cim.be","https://www.cim.be/nl/televisie (tab Marktaandelen, jaar 2018, regio Noord)",value published in basis points (e.g. 3036 = 30.36%)
2018,XITE,Other,0.08,"Market share (marktaandeel), total population 4+, full day 02:00-26:00","CIM TV yearly market shares (region North), as published on cim.be","https://www.cim.be/nl/televisie (tab Marktaandelen, jaar 2018, regio Noord)",value published in basis points (e.g. 3036 = 30.36%)
2018,VICELAND VL,Other,0.07,"Market share (marktaandeel), total population 4+, full day 02:00-26:00","CIM TV yearly market shares (region North), as published on cim.be","https://www.cim.be/nl/televisie (tab Marktaandelen, jaar 2018, regio Noord)",value published in basis points (e.g. 3036 = 30.36%)
2018,ELEVEN NL,Other,0.05,"Market share (marktaandeel), total population 4+, full day 02:00-26:00","CIM TV yearly market shares (region North), as published on cim.be","https://www.cim.be/nl/televisie (tab Marktaandelen, jaar 2018, regio Noord)",value published in basis points (e.g. 3036 = 30.36%)
2019,EEN,VRT,29.62,"Market share (marktaandeel), total population 4+, full day 02:00-26:00","CIM TV yearly market shares (region North), as published on cim.be","https://www.cim.be/nl/televisie (tab Marktaandelen, jaar 2019, regio Noord)",value published in basis points (e.g. 3036 = 30.36%)
2019,VTM,DPG Media (VTM family),19.34,"Market share (marktaandeel), total population 4+, full day 02:00-26:00","CIM TV yearly market shares (region North), as published on cim.be","https://www.cim.be/nl/televisie (tab Marktaandelen, jaar 2019, regio Noord)",value published in basis points (e.g. 3036 = 30.36%)
2019,VIER,Play Media (SBS/Play family),7.68,"Market share (marktaandeel), total population 4+, full day 02:00-26:00","CIM TV yearly market shares (region North), as published on cim.be","https://www.cim.be/nl/televisie (tab Marktaandelen, jaar 2019, regio Noord)",value published in basis points (e.g. 3036 = 30.36%)
2019,Canvas,VRT,5.43,"Market share (marktaandeel), total population 4+, full day 02:00-26:00","CIM TV yearly market shares (region North), as published on cim.be","https://www.cim.be/nl/televisie (tab Marktaandelen, jaar 2019, regio Noord)",value published in basis points (e.g. 3036 = 30.36%)
2019,VITAYA,DPG Media (VTM family),5.23,"Market share (marktaandeel), total population 4+, full day 02:00-26:00","CIM TV yearly market shares (region North), as published on cim.be","https://www.cim.be/nl/televisie (tab Marktaandelen, jaar 2019, regio Noord)",value published in basis points (e.g. 3036 = 30.36%)
2019,Q2,DPG Media (VTM family),3.89,"Market share (marktaandeel), total population 4+, full day 02:00-26:00","CIM TV yearly market shares (region North), as published on cim.be","https://www.cim.be/nl/televisie (tab Marktaandelen, jaar 2019, regio Noord)",value published in basis points (e.g. 3036 = 30.36%)
2019,VIJF,Play Media (SBS/Play family),3.03,"Market share (marktaandeel), total population 4+, full day 02:00-26:00","CIM TV yearly market shares (region North), as published on cim.be","https://www.cim.be/nl/televisie (tab Marktaandelen, jaar 2019, regio Noord)",value published in basis points (e.g. 3036 = 30.36%)
2019,CAZ,DPG Media (VTM family),2.1,"Market share (marktaandeel), total population 4+, full day 02:00-26:00","CIM TV yearly market shares (region North), as published on cim.be","https://www.cim.be/nl/televisie (tab Marktaandelen, jaar 2019, regio Noord)",value published in basis points (e.g. 3036 = 30.36%)
2019,ZES,Play Media (SBS/Play family),1.98,"Market share (marktaandeel), total population 4+, full day 02:00-26:00","CIM TV yearly market shares (region North), as published on cim.be","https://www.cim.be/nl/televisie (tab Marktaandelen, jaar 2019, regio Noord)",value published in basis points (e.g. 3036 = 30.36%)
2019,KETNET,VRT,1.51,"Market share (marktaandeel), total population 4+, full day 02:00-26:00","CIM TV yearly market shares (region North), as published on cim.be","https://www.cim.be/nl/televisie (tab Marktaandelen, jaar 2019, regio Noord)",value published in basis points (e.g. 3036 = 30.36%)
2019,DISCOVERY,Other,1.38,"Market share (marktaandeel), total population 4+, full day 02:00-26:00","CIM TV yearly market shares (region North), as published on cim.be","https://www.cim.be/nl/televisie (tab Marktaandelen, jaar 2019, regio Noord)",value published in basis points (e.g. 3036 = 30.36%)
2019,TLC,Other,1.09,"Market share (marktaandeel), total population 4+, full day 02:00-26:00","CIM TV yearly market shares (region North), as published on cim.be","https://www.cim.be/nl/televisie (tab Marktaandelen, jaar 2019, regio Noord)",value published in basis points (e.g. 3036 = 30.36%)
2019,MENT TV NL,Other,0.75,"Market share (marktaandeel), total population 4+, full day 02:00-26:00","CIM TV yearly market shares (region North), as published on cim.be","https://www.cim.be/nl/televisie (tab Marktaandelen, jaar 2019, regio Noord)",value published in basis points (e.g. 3036 = 30.36%)
2019,NICKELODEON/SPIKE,Other,0.63,"Market share (marktaandeel), total population 4+, full day 02:00-26:00","CIM TV yearly market shares (region North), as published on cim.be","https://www.cim.be/nl/televisie (tab Marktaandelen, jaar 2019, regio Noord)",value published in basis points (e.g. 3036 = 30.36%)
2019,FOX,Other,0.59,"Market share (marktaandeel), total population 4+, full day 02:00-26:00","CIM TV yearly market shares (region North), as published on cim.be","https://www.cim.be/nl/televisie (tab Marktaandelen, jaar 2019, regio Noord)",value published in basis points (e.g. 3036 = 30.36%)
2019,NICK JR.,Other,0.38,"Market share (marktaandeel), total population 4+, full day 02:00-26:00","CIM TV yearly market shares (region North), as published on cim.be","https://www.cim.be/nl/televisie (tab Marktaandelen, jaar 2019, regio Noord)",value published in basis points (e.g. 3036 = 30.36%)
2019,NJAM!,Other,0.38,"Market share (marktaandeel), total population 4+, full day 02:00-26:00","CIM TV yearly market shares (region North), as published on cim.be","https://www.cim.be/nl/televisie (tab Marktaandelen, jaar 2019, regio Noord)",value published in basis points (e.g. 3036 = 30.36%)
2019,COMEDY CENTRAL,Other,0.35,"Market share (marktaandeel), total population 4+, full day 02:00-26:00","CIM TV yearly market shares (region North), as published on cim.be","https://www.cim.be/nl/televisie (tab Marktaandelen, jaar 2019, regio Noord)",value published in basis points (e.g. 3036 = 30.36%)
2019,STUDIO 100 TV,Other,0.28,"Market share (marktaandeel), total population 4+, full day 02:00-26:00","CIM TV yearly market shares (region North), as published on cim.be","https://www.cim.be/nl/televisie (tab Marktaandelen, jaar 2019, regio Noord)",value published in basis points (e.g. 3036 = 30.36%)
2019,MTV (NL),Other,0.27,"Market share (marktaandeel), total population 4+, full day 02:00-26:00","CIM TV yearly market shares (region North), as published on cim.be","https://www.cim.be/nl/televisie (tab Marktaandelen, jaar 2019, regio Noord)",value published in basis points (e.g. 3036 = 30.36%)
2019,ECLIPS TV,Other,0.27,"Market share (marktaandeel), total population 4+, full day 02:00-26:00","CIM TV yearly market shares (region North), as published on cim.be","https://www.cim.be/nl/televisie (tab Marktaandelen, jaar 2019, regio Noord)",value published in basis points (e.g. 3036 = 30.36%)
2019,PLATTELANDSTV,Other,0.24,"Market share (marktaandeel), total population 4+, full day 02:00-26:00","CIM TV yearly market shares (region North), as published on cim.be","https://www.cim.be/nl/televisie (tab Marktaandelen, jaar 2019, regio Noord)",value published in basis points (e.g. 3036 = 30.36%)
2019,CARTOON NETWORK (NL),Other,0.22,"Market share (marktaandeel), total population 4+, full day 02:00-26:00","CIM TV yearly market shares (region North), as published on cim.be","https://www.cim.be/nl/televisie (tab Marktaandelen, jaar 2019, regio Noord)",value published in basis points (e.g. 3036 = 30.36%)
2019,DISNEY CHANNEL VL,Other,0.2,"Market share (marktaandeel), total population 4+, full day 02:00-26:00","CIM TV yearly market shares (region North), as published on cim.be","https://www.cim.be/nl/televisie (tab Marktaandelen, jaar 2019, regio Noord)",value published in basis points (e.g. 3036 = 30.36%)
2019,DOBBIT TV,Other,0.2,"Market share (marktaandeel), total population 4+, full day 02:00-26:00","CIM TV yearly market shares (region North), as published on cim.be","https://www.cim.be/nl/televisie (tab Marktaandelen, jaar 2019, regio Noord)",value published in basis points (e.g. 3036 = 30.36%)
2019,SPIKE,Other,0.18,"Market share (marktaandeel), total population 4+, full day 02:00-26:00","CIM TV yearly market shares (region North), as published on cim.be","https://www.cim.be/nl/televisie (tab Marktaandelen, jaar 2019, regio Noord)",value published in basis points (e.g. 3036 = 30.36%)
2019,DISNEY JUNIOR NL,Other,0.17,"Market share (marktaandeel), total population 4+, full day 02:00-26:00","CIM TV yearly market shares (region North), as published on cim.be","https://www.cim.be/nl/televisie (tab Marktaandelen, jaar 2019, regio Noord)",value published in basis points (e.g. 3036 = 30.36%)
2019,VTM KIDS,DPG Media (VTM family),0.15,"Market share (marktaandeel), total population 4+, full day 02:00-26:00","CIM TV yearly market shares (region North), as published on cim.be","https://www.cim.be/nl/televisie (tab Marktaandelen, jaar 2019, regio Noord)",value published in basis points (e.g. 3036 = 30.36%)
2019,KANAAL Z (NL),Other,0.14,"Market share (marktaandeel), total population 4+, full day 02:00-26:00","CIM TV yearly market shares (region North), as published on cim.be","https://www.cim.be/nl/televisie (tab Marktaandelen, jaar 2019, regio Noord)",value published in basis points (e.g. 3036 = 30.36%)
2019,VTM KIDS JR,DPG Media (VTM family),0.13,"Market share (marktaandeel), total population 4+, full day 02:00-26:00","CIM TV yearly market shares (region North), as published on cim.be","https://www.cim.be/nl/televisie (tab Marktaandelen, jaar 2019, regio Noord)",value published in basis points (e.g. 3036 = 30.36%)
2019,HISTORY CHANNEL NL,Other,0.12,"Market share (marktaandeel), total population 4+, full day 02:00-26:00","CIM TV yearly market shares (region North), as published on cim.be","https://www.cim.be/nl/televisie (tab Marktaandelen, jaar 2019, regio Noord)",value published in basis points (e.g. 3036 = 30.36%)
2019,EVENAAR,Other,0.11,"Market share (marktaandeel), total population 4+, full day 02:00-26:00","CIM TV yearly market shares (region North), as published on cim.be","https://www.cim.be/nl/televisie (tab Marktaandelen, jaar 2019, regio Noord)",value published in basis points (e.g. 3036 = 30.36%)
2019,VICE,Other,0.11,"Market share (marktaandeel), total population 4+, full day 02:00-26:00","CIM TV yearly market shares (region North), as published on cim.be","https://www.cim.be/nl/televisie (tab Marktaandelen, jaar 2019, regio Noord)",value published in basis points (e.g. 3036 = 30.36%)
2019,XITE,Other,0.06,"Market share (marktaandeel), total population 4+, full day 02:00-26:00","CIM TV yearly market shares (region North), as published on cim.be","https://www.cim.be/nl/televisie (tab Marktaandelen, jaar 2019, regio Noord)",value published in basis points (e.g. 3036 = 30.36%)
2020,EEN,VRT,30.92,"Market share (marktaandeel), total population 4+, full day 02:00-26:00","CIM TV yearly market shares (region North), as published on cim.be","https://www.cim.be/nl/televisie (tab Marktaandelen, jaar 2020, regio Noord)",value published in basis points (e.g. 3036 = 30.36%)
2020,VTM,DPG Media (VTM family),19.5,"Market share (marktaandeel), total population 4+, full day 02:00-26:00","CIM TV yearly market shares (region North), as published on cim.be","https://www.cim.be/nl/televisie (tab Marktaandelen, jaar 2020, regio Noord)",value published in basis points (e.g. 3036 = 30.36%)
2020,VIER,Play Media (SBS/Play family),7.2,"Market share (marktaandeel), total population 4+, full day 02:00-26:00","CIM TV yearly market shares (region North), as published on cim.be","https://www.cim.be/nl/televisie (tab Marktaandelen, jaar 2020, regio Noord)",value published in basis points (e.g. 3036 = 30.36%)
2020,Canvas,VRT,5.42,"Market share (marktaandeel), total population 4+, full day 02:00-26:00","CIM TV yearly market shares (region North), as published on cim.be","https://www.cim.be/nl/televisie (tab Marktaandelen, jaar 2020, regio Noord)",value published in basis points (e.g. 3036 = 30.36%)
2020,VTM 3,DPG Media (VTM family),4.3,"Market share (marktaandeel), total population 4+, full day 02:00-26:00","CIM TV yearly market shares (region North), as published on cim.be","https://www.cim.be/nl/televisie (tab Marktaandelen, jaar 2020, regio Noord)",value published in basis points (e.g. 3036 = 30.36%)
2020,VTM 2,DPG Media (VTM family),3.82,"Market share (marktaandeel), total population 4+, full day 02:00-26:00","CIM TV yearly market shares (region North), as published on cim.be","https://www.cim.be/nl/televisie (tab Marktaandelen, jaar 2020, regio Noord)",value published in basis points (e.g. 3036 = 30.36%)
2020,VIJF,Play Media (SBS/Play family),3.03,"Market share (marktaandeel), total population 4+, full day 02:00-26:00","CIM TV yearly market shares (region North), as published on cim.be","https://www.cim.be/nl/televisie (tab Marktaandelen, jaar 2020, regio Noord)",value published in basis points (e.g. 3036 = 30.36%)
2020,ZES,Play Media (SBS/Play family),2.19,"Market share (marktaandeel), total population 4+, full day 02:00-26:00","CIM TV yearly market shares (region North), as published on cim.be","https://www.cim.be/nl/televisie (tab Marktaandelen, jaar 2020, regio Noord)",value published in basis points (e.g. 3036 = 30.36%)
2020,VTM 4,DPG Media (VTM family),1.97,"Market share (marktaandeel), total population 4+, full day 02:00-26:00","CIM TV yearly market shares (region North), as published on cim.be","https://www.cim.be/nl/televisie (tab Marktaandelen, jaar 2020, regio Noord)",value published in basis points (e.g. 3036 = 30.36%)
2020,DISCOVERY,Other,1.35,"Market share (marktaandeel), total population 4+, full day 02:00-26:00","CIM TV yearly market shares (region North), as published on cim.be","https://www.cim.be/nl/televisie (tab Marktaandelen, jaar 2020, regio Noord)",value published in basis points (e.g. 3036 = 30.36%)
2020,KETNET,VRT,1.21,"Market share (marktaandeel), total population 4+, full day 02:00-26:00","CIM TV yearly market shares (region North), as published on cim.be","https://www.cim.be/nl/televisie (tab Marktaandelen, jaar 2020, regio Noord)",value published in basis points (e.g. 3036 = 30.36%)
2020,NATIONAL GEOGRAPHIC NL,Other,1.13,"Market share (marktaandeel), total population 4+, full day 02:00-26:00","CIM TV yearly market shares (region North), as published on cim.be","https://www.cim.be/nl/televisie (tab Marktaandelen, jaar 2020, regio Noord)",value published in basis points (e.g. 3036 = 30.36%)
2020,TLC,Other,1.03,"Market share (marktaandeel), total population 4+, full day 02:00-26:00","CIM TV yearly market shares (region North), as published on cim.be","https://www.cim.be/nl/televisie (tab Marktaandelen, jaar 2020, regio Noord)",value published in basis points (e.g. 3036 = 30.36%)
2020,FOX,Other,0.77,"Market share (marktaandeel), total population 4+, full day 02:00-26:00","CIM TV yearly market shares (region North), as published on cim.be","https://www.cim.be/nl/televisie (tab Marktaandelen, jaar 2020, regio Noord)",value published in basis points (e.g. 3036 = 30.36%)
2020,MENT TV NL,Other,0.67,"Market share (marktaandeel), total population 4+, full day 02:00-26:00","CIM TV yearly market shares (region North), as published on cim.be","https://www.cim.be/nl/televisie (tab Marktaandelen, jaar 2020, regio Noord)",value published in basis points (e.g. 3036 = 30.36%)
2020,CAZ 2,DPG Media (VTM family),0.57,"Market share (marktaandeel), total population 4+, full day 02:00-26:00","CIM TV yearly market shares (region North), as published on cim.be","https://www.cim.be/nl/televisie (tab Marktaandelen, jaar 2020, regio Noord)",value published in basis points (e.g. 3036 = 30.36%)
2020,NICKELODEON,Other,0.55,"Market share (marktaandeel), total population 4+, full day 02:00-26:00","CIM TV yearly market shares (region North), as published on cim.be","https://www.cim.be/nl/televisie (tab Marktaandelen, jaar 2020, regio Noord)",value published in basis points (e.g. 3036 = 30.36%)
2020,ECLIPS TV,Other,0.53,"Market share (marktaandeel), total population 4+, full day 02:00-26:00","CIM TV yearly market shares (region North), as published on cim.be","https://www.cim.be/nl/televisie (tab Marktaandelen, jaar 2020, regio Noord)",value published in basis points (e.g. 3036 = 30.36%)
2020,NJAM!,Other,0.52,"Market share (marktaandeel), total population 4+, full day 02:00-26:00","CIM TV yearly market shares (region North), as published on cim.be","https://www.cim.be/nl/televisie (tab Marktaandelen, jaar 2020, regio Noord)",value published in basis points (e.g. 3036 = 30.36%)
2020,ELEVEN PRO LEAGUE 1 NL,Other,0.31,"Market share (marktaandeel), total population 4+, full day 02:00-26:00","CIM TV yearly market shares (region North), as published on cim.be","https://www.cim.be/nl/televisie (tab Marktaandelen, jaar 2020, regio Noord)",value published in basis points (e.g. 3036 = 30.36%)
2020,NICK JR.,Other,0.3,"Market share (marktaandeel), total population 4+, full day 02:00-26:00","CIM TV yearly market shares (region North), as published on cim.be","https://www.cim.be/nl/televisie (tab Marktaandelen, jaar 2020, regio Noord)",value published in basis points (e.g. 3036 = 30.36%)
2020,DISNEY CHANNEL VL,Other,0.3,"Market share (marktaandeel), total population 4+, full day 02:00-26:00","CIM TV yearly market shares (region North), as published on cim.be","https://www.cim.be/nl/televisie (tab Marktaandelen, jaar 2020, regio Noord)",value published in basis points (e.g. 3036 = 30.36%)
2020,CARTOON NETWORK (NL),Other,0.28,"Market share (marktaandeel), total population 4+, full day 02:00-26:00","CIM TV yearly market shares (region North), as published on cim.be","https://www.cim.be/nl/televisie (tab Marktaandelen, jaar 2020, regio Noord)",value published in basis points (e.g. 3036 = 30.36%)
2020,COMEDY CENTRAL,Other,0.25,"Market share (marktaandeel), total population 4+, full day 02:00-26:00","CIM TV yearly market shares (region North), as published on cim.be","https://www.cim.be/nl/televisie (tab Marktaandelen, jaar 2020, regio Noord)",value published in basis points (e.g. 3036 = 30.36%)
2020,PLATTELANDSTV,Other,0.23,"Market share (marktaandeel), total population 4+, full day 02:00-26:00","CIM TV yearly market shares (region North), as published on cim.be","https://www.cim.be/nl/televisie (tab Marktaandelen, jaar 2020, regio Noord)",value published in basis points (e.g. 3036 = 30.36%)
2020,MTV (NL),Other,0.19,"Market share (marktaandeel), total population 4+, full day 02:00-26:00","CIM TV yearly market shares (region North), as published on cim.be","https://www.cim.be/nl/televisie (tab Marktaandelen, jaar 2020, regio Noord)",value published in basis points (e.g. 3036 = 30.36%)
2020,DISNEY JUNIOR NL,Other,0.18,"Market share (marktaandeel), total population 4+, full day 02:00-26:00","CIM TV yearly market shares (region North), as published on cim.be","https://www.cim.be/nl/televisie (tab Marktaandelen, jaar 2020, regio Noord)",value published in basis points (e.g. 3036 = 30.36%)
2020,BBC FIRST,Other,0.18,"Market share (marktaandeel), total population 4+, full day 02:00-26:00","CIM TV yearly market shares (region North), as published on cim.be","https://www.cim.be/nl/televisie (tab Marktaandelen, jaar 2020, regio Noord)",value published in basis points (e.g. 3036 = 30.36%)
2020,DOBBIT TV,Other,0.16,"Market share (marktaandeel), total population 4+, full day 02:00-26:00","CIM TV yearly market shares (region North), as published on cim.be","https://www.cim.be/nl/televisie (tab Marktaandelen, jaar 2020, regio Noord)",value published in basis points (e.g. 3036 = 30.36%)
2020,SPIKE,Other,0.16,"Market share (marktaandeel), total population 4+, full day 02:00-26:00","CIM TV yearly market shares (region North), as published on cim.be","https://www.cim.be/nl/televisie (tab Marktaandelen, jaar 2020, regio Noord)",value published in basis points (e.g. 3036 = 30.36%)
2020,STUDIO 100 TV,Other,0.15,"Market share (marktaandeel), total population 4+, full day 02:00-26:00","CIM TV yearly market shares (region North), as published on cim.be","https://www.cim.be/nl/televisie (tab Marktaandelen, jaar 2020, regio Noord)",value published in basis points (e.g. 3036 = 30.36%)
2020,KANAAL Z (NL),Other,0.15,"Market share (marktaandeel), total population 4+, full day 02:00-26:00","CIM TV yearly market shares (region North), as published on cim.be","https://www.cim.be/nl/televisie (tab Marktaandelen, jaar 2020, regio Noord)",value published in basis points (e.g. 3036 = 30.36%)
2020,VTM KIDS,DPG Media (VTM family),0.15,"Market share (marktaandeel), total population 4+, full day 02:00-26:00","CIM TV yearly market shares (region North), as published on cim.be","https://www.cim.be/nl/televisie (tab Marktaandelen, jaar 2020, regio Noord)",value published in basis points (e.g. 3036 = 30.36%)
2020,HISTORY CHANNEL NL,Other,0.09,"Market share (marktaandeel), total population 4+, full day 02:00-26:00","CIM TV yearly market shares (region North), as published on cim.be","https://www.cim.be/nl/televisie (tab Marktaandelen, jaar 2020, regio Noord)",value published in basis points (e.g. 3036 = 30.36%)
2020,VICELAND VL,Other,0.08,"Market share (marktaandeel), total population 4+, full day 02:00-26:00","CIM TV yearly market shares (region North), as published on cim.be","https://www.cim.be/nl/televisie (tab Marktaandelen, jaar 2020, regio Noord)",value published in basis points (e.g. 3036 = 30.36%)
2020,XITE,Other,0.07,"Market share (marktaandeel), total population 4+, full day 02:00-26:00","CIM TV yearly market shares (region North), as published on cim.be","https://www.cim.be/nl/televisie (tab Marktaandelen, jaar 2020, regio Noord)",value published in basis points (e.g. 3036 = 30.36%)
2020,VTM KIDS JR,DPG Media (VTM family),0.02,"Market share (marktaandeel), total population 4+, full day 02:00-26:00","CIM TV yearly market shares (region North), as published on cim.be","https://www.cim.be/nl/televisie (tab Marktaandelen, jaar 2020, regio Noord)",value published in basis points (e.g. 3036 = 30.36%)
2020,ELEVEN PRO LEAGUE 2 NL,Other,0.01,"Market share (marktaandeel), total population 4+, full day 02:00-26:00","CIM TV yearly market shares (region North), as published on cim.be","https://www.cim.be/nl/televisie (tab Marktaandelen, jaar 2020, regio Noord)",value published in basis points (e.g. 3036 = 30.36%)
2021,EEN,VRT,32.49,"Market share (marktaandeel), total population 4+, full day 02:00-26:00","CIM TV yearly market shares (region North), as published on cim.be","https://www.cim.be/nl/televisie (tab Marktaandelen, jaar 2021, regio Noord)",value published in basis points (e.g. 3036 = 30.36%)
2021,VTM,DPG Media (VTM family),17.85,"Market share (marktaandeel), total population 4+, full day 02:00-26:00","CIM TV yearly market shares (region North), as published on cim.be","https://www.cim.be/nl/televisie (tab Marktaandelen, jaar 2021, regio Noord)",value published in basis points (e.g. 3036 = 30.36%)
2021,VIER,Play Media (SBS/Play family),6.93,"Market share (marktaandeel), total population 4+, full day 02:00-26:00","CIM TV yearly market shares (region North), as published on cim.be","https://www.cim.be/nl/televisie (tab Marktaandelen, jaar 2021, regio Noord)",value published in basis points (e.g. 3036 = 30.36%)
2021,Canvas,VRT,5.23,"Market share (marktaandeel), total population 4+, full day 02:00-26:00","CIM TV yearly market shares (region North), as published on cim.be","https://www.cim.be/nl/televisie (tab Marktaandelen, jaar 2021, regio Noord)",value published in basis points (e.g. 3036 = 30.36%)
2021,VTM 2,DPG Media (VTM family),4.55,"Market share (marktaandeel), total population 4+, full day 02:00-26:00","CIM TV yearly market shares (region North), as published on cim.be","https://www.cim.be/nl/televisie (tab Marktaandelen, jaar 2021, regio Noord)",value published in basis points (e.g. 3036 = 30.36%)
2021,VIJF,Play Media (SBS/Play family),2.68,"Market share (marktaandeel), total population 4+, full day 02:00-26:00","CIM TV yearly market shares (region North), as published on cim.be","https://www.cim.be/nl/televisie (tab Marktaandelen, jaar 2021, regio Noord)",value published in basis points (e.g. 3036 = 30.36%)
2021,VTM 3,DPG Media (VTM family),2.42,"Market share (marktaandeel), total population 4+, full day 02:00-26:00","CIM TV yearly market shares (region North), as published on cim.be","https://www.cim.be/nl/televisie (tab Marktaandelen, jaar 2021, regio Noord)",value published in basis points (e.g. 3036 = 30.36%)
2021,ZES,Play Media (SBS/Play family),2.11,"Market share (marktaandeel), total population 4+, full day 02:00-26:00","CIM TV yearly market shares (region North), as published on cim.be","https://www.cim.be/nl/televisie (tab Marktaandelen, jaar 2021, regio Noord)",value published in basis points (e.g. 3036 = 30.36%)
2021,VTM 4,DPG Media (VTM family),1.8,"Market share (marktaandeel), total population 4+, full day 02:00-26:00","CIM TV yearly market shares (region North), as published on cim.be","https://www.cim.be/nl/televisie (tab Marktaandelen, jaar 2021, regio Noord)",value published in basis points (e.g. 3036 = 30.36%)
2021,DISCOVERY,Other,1.31,"Market share (marktaandeel), total population 4+, full day 02:00-26:00","CIM TV yearly market shares (region North), as published on cim.be","https://www.cim.be/nl/televisie (tab Marktaandelen, jaar 2021, regio Noord)",value published in basis points (e.g. 3036 = 30.36%)
2021,BBC FIRST,Other,1.22,"Market share (marktaandeel), total population 4+, full day 02:00-26:00","CIM TV yearly market shares (region North), as published on cim.be","https://www.cim.be/nl/televisie (tab Marktaandelen, jaar 2021, regio Noord)",value published in basis points (e.g. 3036 = 30.36%)
2021,KETNET,VRT,1.1,"Market share (marktaandeel), total population 4+, full day 02:00-26:00","CIM TV yearly market shares (region North), as published on cim.be","https://www.cim.be/nl/televisie (tab Marktaandelen, jaar 2021, regio Noord)",value published in basis points (e.g. 3036 = 30.36%)
2021,TLC,Other,1.05,"Market share (marktaandeel), total population 4+, full day 02:00-26:00","CIM TV yearly market shares (region North), as published on cim.be","https://www.cim.be/nl/televisie (tab Marktaandelen, jaar 2021, regio Noord)",value published in basis points (e.g. 3036 = 30.36%)
2021,NATIONAL GEOGRAPHIC NL,Other,1.03,"Market share (marktaandeel), total population 4+, full day 02:00-26:00","CIM TV yearly market shares (region North), as published on cim.be","https://www.cim.be/nl/televisie (tab Marktaandelen, jaar 2021, regio Noord)",value published in basis points (e.g. 3036 = 30.36%)
2021,ELEVEN PRO LEAGUE 1 NL,Other,1.02,"Market share (marktaandeel), total population 4+, full day 02:00-26:00","CIM TV yearly market shares (region North), as published on cim.be","https://www.cim.be/nl/televisie (tab Marktaandelen, jaar 2021, regio Noord)",value published in basis points (e.g. 3036 = 30.36%)
2021,CAZ 2 (VTM Gold),DPG Media (VTM family),0.97,"Market share (marktaandeel), total population 4+, full day 02:00-26:00","CIM TV yearly market shares (region North), as published on cim.be","https://www.cim.be/nl/televisie (tab Marktaandelen, jaar 2021, regio Noord)",value published in basis points (e.g. 3036 = 30.36%)
2021,MENT TV NL,Other,0.77,"Market share (marktaandeel), total population 4+, full day 02:00-26:00","CIM TV yearly market shares (region North), as published on cim.be","https://www.cim.be/nl/televisie (tab Marktaandelen, jaar 2021, regio Noord)",value published in basis points (e.g. 3036 = 30.36%)
2021,FOX,Other,0.61,"Market share (marktaandeel), total population 4+, full day 02:00-26:00","CIM TV yearly market shares (region North), as published on cim.be","https://www.cim.be/nl/televisie (tab Marktaandelen, jaar 2021, regio Noord)",value published in basis points (e.g. 3036 = 30.36%)
2021,ECLIPS TV,Other,0.53,"Market share (marktaandeel), total population 4+, full day 02:00-26:00","CIM TV yearly market shares (region North), as published on cim.be","https://www.cim.be/nl/televisie (tab Marktaandelen, jaar 2021, regio Noord)",value published in basis points (e.g. 3036 = 30.36%)
2021,NJAM!,Other,0.44,"Market share (marktaandeel), total population 4+, full day 02:00-26:00","CIM TV yearly market shares (region North), as published on cim.be","https://www.cim.be/nl/televisie (tab Marktaandelen, jaar 2021, regio Noord)",value published in basis points (e.g. 3036 = 30.36%)
2021,NICKELODEON (NL),Other,0.4,"Market share (marktaandeel), total population 4+, full day 02:00-26:00","CIM TV yearly market shares (region North), as published on cim.be","https://www.cim.be/nl/televisie (tab Marktaandelen, jaar 2021, regio Noord)",value published in basis points (e.g. 3036 = 30.36%)
2021,DISNEY JUNIOR NL,Other,0.36,"Market share (marktaandeel), total population 4+, full day 02:00-26:00","CIM TV yearly market shares (region North), as published on cim.be","https://www.cim.be/nl/televisie (tab Marktaandelen, jaar 2021, regio Noord)",value published in basis points (e.g. 3036 = 30.36%)
2021,NICK JR.,Other,0.33,"Market share (marktaandeel), total population 4+, full day 02:00-26:00","CIM TV yearly market shares (region North), as published on cim.be","https://www.cim.be/nl/televisie (tab Marktaandelen, jaar 2021, regio Noord)",value published in basis points (e.g. 3036 = 30.36%)
2021,DISNEY CHANNEL VL,Other,0.24,"Market share (marktaandeel), total population 4+, full day 02:00-26:00","CIM TV yearly market shares (region North), as published on cim.be","https://www.cim.be/nl/televisie (tab Marktaandelen, jaar 2021, regio Noord)",value published in basis points (e.g. 3036 = 30.36%)
2021,CARTOON NETWORK (NL),Other,0.23,"Market share (marktaandeel), total population 4+, full day 02:00-26:00","CIM TV yearly market shares (region North), as published on cim.be","https://www.cim.be/nl/televisie (tab Marktaandelen, jaar 2021, regio Noord)",value published in basis points (e.g. 3036 = 30.36%)
2021,PLATTELANDSTV,Other,0.23,"Market share (marktaandeel), total population 4+, full day 02:00-26:00","CIM TV yearly market shares (region North), as published on cim.be","https://www.cim.be/nl/televisie (tab Marktaandelen, jaar 2021, regio Noord)",value published in basis points (e.g. 3036 = 30.36%)
2021,COMEDY CENTRAL,Other,0.2,"Market share (marktaandeel), total population 4+, full day 02:00-26:00","CIM TV yearly market shares (region North), as published on cim.be","https://www.cim.be/nl/televisie (tab Marktaandelen, jaar 2021, regio Noord)",value published in basis points (e.g. 3036 = 30.36%)
2021,HISTORY CHANNEL NL,Other,0.2,"Market share (marktaandeel), total population 4+, full day 02:00-26:00","CIM TV yearly market shares (region North), as published on cim.be","https://www.cim.be/nl/televisie (tab Marktaandelen, jaar 2021, regio Noord)",value published in basis points (e.g. 3036 = 30.36%)
2021,MTV (NL),Other,0.19,"Market share (marktaandeel), total population 4+, full day 02:00-26:00","CIM TV yearly market shares (region North), as published on cim.be","https://www.cim.be/nl/televisie (tab Marktaandelen, jaar 2021, regio Noord)",value published in basis points (e.g. 3036 = 30.36%)
2021,DOBBIT TV,Other,0.16,"Market share (marktaandeel), total population 4+, full day 02:00-26:00","CIM TV yearly market shares (region North), as published on cim.be","https://www.cim.be/nl/televisie (tab Marktaandelen, jaar 2021, regio Noord)",value published in basis points (e.g. 3036 = 30.36%)
2021,STUDIO 100 TV,Other,0.14,"Market share (marktaandeel), total population 4+, full day 02:00-26:00","CIM TV yearly market shares (region North), as published on cim.be","https://www.cim.be/nl/televisie (tab Marktaandelen, jaar 2021, regio Noord)",value published in basis points (e.g. 3036 = 30.36%)
2021,KANAAL Z (NL),Other,0.13,"Market share (marktaandeel), total population 4+, full day 02:00-26:00","CIM TV yearly market shares (region North), as published on cim.be","https://www.cim.be/nl/televisie (tab Marktaandelen, jaar 2021, regio Noord)",value published in basis points (e.g. 3036 = 30.36%)
2021,VTM KIDS,DPG Media (VTM family),0.12,"Market share (marktaandeel), total population 4+, full day 02:00-26:00","CIM TV yearly market shares (region North), as published on cim.be","https://www.cim.be/nl/televisie (tab Marktaandelen, jaar 2021, regio Noord)",value published in basis points (e.g. 3036 = 30.36%)
2021,XITE,Other,0.1,"Market share (marktaandeel), total population 4+, full day 02:00-26:00","CIM TV yearly market shares (region North), as published on cim.be","https://www.cim.be/nl/televisie (tab Marktaandelen, jaar 2021, regio Noord)",value published in basis points (e.g. 3036 = 30.36%)
2021,ELEVEN PRO LEAGUE 2 NL,Other,0.08,"Market share (marktaandeel), total population 4+, full day 02:00-26:00","CIM TV yearly market shares (region North), as published on cim.be","https://www.cim.be/nl/televisie (tab Marktaandelen, jaar 2021, regio Noord)",value published in basis points (e.g. 3036 = 30.36%)
2021,TV PLUS,Other,0.06,"Market share (marktaandeel), total population 4+, full day 02:00-26:00","CIM TV yearly market shares (region North), as published on cim.be","https://www.cim.be/nl/televisie (tab Marktaandelen, jaar 2021, regio Noord)",value published in basis points (e.g. 3036 = 30.36%)
2021,SPORT 10,Other,0.01,"Market share (marktaandeel), total population 4+, full day 02:00-26:00","CIM TV yearly market shares (region North), as published on cim.be","https://www.cim.be/nl/televisie (tab Marktaandelen, jaar 2021, regio Noord)",value published in basis points (e.g. 3036 = 30.36%)
2022,EEN,VRT,32.01,"Market share (marktaandeel), total population 4+, full day 02:00-26:00","CIM TV yearly market shares (region North), as published on cim.be","https://www.cim.be/nl/televisie (tab Marktaandelen, jaar 2022, regio Noord)",value published in basis points (e.g. 3036 = 30.36%)
2022,VTM,DPG Media (VTM family),17.71,"Market share (marktaandeel), total population 4+, full day 02:00-26:00","CIM TV yearly market shares (region North), as published on cim.be","https://www.cim.be/nl/televisie (tab Marktaandelen, jaar 2022, regio Noord)",value published in basis points (e.g. 3036 = 30.36%)
2022,PLAY4,Play Media (SBS/Play family),6.2,"Market share (marktaandeel), total population 4+, full day 02:00-26:00","CIM TV yearly market shares (region North), as published on cim.be","https://www.cim.be/nl/televisie (tab Marktaandelen, jaar 2022, regio Noord)",value published in basis points (e.g. 3036 = 30.36%)
2022,CANVAS,VRT,5.27,"Market share (marktaandeel), total population 4+, full day 02:00-26:00","CIM TV yearly market shares (region North), as published on cim.be","https://www.cim.be/nl/televisie (tab Marktaandelen, jaar 2022, regio Noord)",value published in basis points (e.g. 3036 = 30.36%)
2022,VTM2,DPG Media (VTM family),4.76,"Market share (marktaandeel), total population 4+, full day 02:00-26:00","CIM TV yearly market shares (region North), as published on cim.be","https://www.cim.be/nl/televisie (tab Marktaandelen, jaar 2022, regio Noord)",value published in basis points (e.g. 3036 = 30.36%)
2022,PLAY5,Play Media (SBS/Play family),2.78,"Market share (marktaandeel), total population 4+, full day 02:00-26:00","CIM TV yearly market shares (region North), as published on cim.be","https://www.cim.be/nl/televisie (tab Marktaandelen, jaar 2022, regio Noord)",value published in basis points (e.g. 3036 = 30.36%)
2022,VTM3,DPG Media (VTM family),2.56,"Market share (marktaandeel), total population 4+, full day 02:00-26:00","CIM TV yearly market shares (region North), as published on cim.be","https://www.cim.be/nl/televisie (tab Marktaandelen, jaar 2022, regio Noord)",value published in basis points (e.g. 3036 = 30.36%)
2022,PLAY6,Play Media (SBS/Play family),1.95,"Market share (marktaandeel), total population 4+, full day 02:00-26:00","CIM TV yearly market shares (region North), as published on cim.be","https://www.cim.be/nl/televisie (tab Marktaandelen, jaar 2022, regio Noord)",value published in basis points (e.g. 3036 = 30.36%)
2022,VTM4,DPG Media (VTM family),1.73,"Market share (marktaandeel), total population 4+, full day 02:00-26:00","CIM TV yearly market shares (region North), as published on cim.be","https://www.cim.be/nl/televisie (tab Marktaandelen, jaar 2022, regio Noord)",value published in basis points (e.g. 3036 = 30.36%)
2022,DISCOVERY CHANNEL (VL),Other,1.38,"Market share (marktaandeel), total population 4+, full day 02:00-26:00","CIM TV yearly market shares (region North), as published on cim.be","https://www.cim.be/nl/televisie (tab Marktaandelen, jaar 2022, regio Noord)",value published in basis points (e.g. 3036 = 30.36%)
2022,BBC FIRST,Other,1.37,"Market share (marktaandeel), total population 4+, full day 02:00-26:00","CIM TV yearly market shares (region North), as published on cim.be","https://www.cim.be/nl/televisie (tab Marktaandelen, jaar 2022, regio Noord)",value published in basis points (e.g. 3036 = 30.36%)
2022,KETNET,VRT,1.27,"Market share (marktaandeel), total population 4+, full day 02:00-26:00","CIM TV yearly market shares (region North), as published on cim.be","https://www.cim.be/nl/televisie (tab Marktaandelen, jaar 2022, regio Noord)",value published in basis points (e.g. 3036 = 30.36%)
2022,NATIONAL GEOGRAPHIC (NL),Other,1.24,"Market share (marktaandeel), total population 4+, full day 02:00-26:00","CIM TV yearly market shares (region North), as published on cim.be","https://www.cim.be/nl/televisie (tab Marktaandelen, jaar 2022, regio Noord)",value published in basis points (e.g. 3036 = 30.36%)
2022,TLC,Other,1.23,"Market share (marktaandeel), total population 4+, full day 02:00-26:00","CIM TV yearly market shares (region North), as published on cim.be","https://www.cim.be/nl/televisie (tab Marktaandelen, jaar 2022, regio Noord)",value published in basis points (e.g. 3036 = 30.36%)
2022,VTM Gold,DPG Media (VTM family),1.09,"Market share (marktaandeel), total population 4+, full day 02:00-26:00","CIM TV yearly market shares (region North), as published on cim.be","https://www.cim.be/nl/televisie (tab Marktaandelen, jaar 2022, regio Noord)",value published in basis points (e.g. 3036 = 30.36%)
2022,PLAY7,Play Media (SBS/Play family),1.08,"Market share (marktaandeel), total population 4+, full day 02:00-26:00","CIM TV yearly market shares (region North), as published on cim.be","https://www.cim.be/nl/televisie (tab Marktaandelen, jaar 2022, regio Noord)",value published in basis points (e.g. 3036 = 30.36%)
2022,ECLIPS TV,Other,0.83,"Market share (marktaandeel), total population 4+, full day 02:00-26:00","CIM TV yearly market shares (region North), as published on cim.be","https://www.cim.be/nl/televisie (tab Marktaandelen, jaar 2022, regio Noord)",value published in basis points (e.g. 3036 = 30.36%)
2022,FOX,Other,0.81,"Market share (marktaandeel), total population 4+, full day 02:00-26:00","CIM TV yearly market shares (region North), as published on cim.be","https://www.cim.be/nl/televisie (tab Marktaandelen, jaar 2022, regio Noord)",value published in basis points (e.g. 3036 = 30.36%)
2022,ELEVEN PRO LEAGUE 1 (NL),Other,0.8,"Market share (marktaandeel), total population 4+, full day 02:00-26:00","CIM TV yearly market shares (region North), as published on cim.be","https://www.cim.be/nl/televisie (tab Marktaandelen, jaar 2022, regio Noord)",value published in basis points (e.g. 3036 = 30.36%)
2022,MENT TV (NL),Other,0.56,"Market share (marktaandeel), total population 4+, full day 02:00-26:00","CIM TV yearly market shares (region North), as published on cim.be","https://www.cim.be/nl/televisie (tab Marktaandelen, jaar 2022, regio Noord)",value published in basis points (e.g. 3036 = 30.36%)
2022,NJAM!,Other,0.5,"Market share (marktaandeel), total population 4+, full day 02:00-26:00","CIM TV yearly market shares (region North), as published on cim.be","https://www.cim.be/nl/televisie (tab Marktaandelen, jaar 2022, regio Noord)",value published in basis points (e.g. 3036 = 30.36%)
2022,NICK JR.,Other,0.49,"Market share (marktaandeel), total population 4+, full day 02:00-26:00","CIM TV yearly market shares (region North), as published on cim.be","https://www.cim.be/nl/televisie (tab Marktaandelen, jaar 2022, regio Noord)",value published in basis points (e.g. 3036 = 30.36%)
2022,NICKELODEON (NL),Other,0.48,"Market share (marktaandeel), total population 4+, full day 02:00-26:00","CIM TV yearly market shares (region North), as published on cim.be","https://www.cim.be/nl/televisie (tab Marktaandelen, jaar 2022, regio Noord)",value published in basis points (e.g. 3036 = 30.36%)
2022,DISNEY JUNIOR (NL),Other,0.41,"Market share (marktaandeel), total population 4+, full day 02:00-26:00","CIM TV yearly market shares (region North), as published on cim.be","https://www.cim.be/nl/televisie (tab Marktaandelen, jaar 2022, regio Noord)",value published in basis points (e.g. 3036 = 30.36%)
2022,DISNEY CHANNEL (VL),Other,0.26,"Market share (marktaandeel), total population 4+, full day 02:00-26:00","CIM TV yearly market shares (region North), as published on cim.be","https://www.cim.be/nl/televisie (tab Marktaandelen, jaar 2022, regio Noord)",value published in basis points (e.g. 3036 = 30.36%)
2022,HISTORY CHANNEL (NL),Other,0.24,"Market share (marktaandeel), total population 4+, full day 02:00-26:00","CIM TV yearly market shares (region North), as published on cim.be","https://www.cim.be/nl/televisie (tab Marktaandelen, jaar 2022, regio Noord)",value published in basis points (e.g. 3036 = 30.36%)
2022,PLATTELANDSTV,Other,0.23,"Market share (marktaandeel), total population 4+, full day 02:00-26:00","CIM TV yearly market shares (region North), as published on cim.be","https://www.cim.be/nl/televisie (tab Marktaandelen, jaar 2022, regio Noord)",value published in basis points (e.g. 3036 = 30.36%)
2022,COMEDY CENTRAL,Other,0.22,"Market share (marktaandeel), total population 4+, full day 02:00-26:00","CIM TV yearly market shares (region North), as published on cim.be","https://www.cim.be/nl/televisie (tab Marktaandelen, jaar 2022, regio Noord)",value published in basis points (e.g. 3036 = 30.36%)
2022,MTV (NL),Other,0.22,"Market share (marktaandeel), total population 4+, full day 02:00-26:00","CIM TV yearly market shares (region North), as published on cim.be","https://www.cim.be/nl/televisie (tab Marktaandelen, jaar 2022, regio Noord)",value published in basis points (e.g. 3036 = 30.36%)
2022,PLAY 247,Play Media (SBS/Play family),0.19,"Market share (marktaandeel), total population 4+, full day 02:00-26:00","CIM TV yearly market shares (region North), as published on cim.be","https://www.cim.be/nl/televisie (tab Marktaandelen, jaar 2022, regio Noord)",value published in basis points (e.g. 3036 = 30.36%)
2022,STUDIO 100 TV,Other,0.19,"Market share (marktaandeel), total population 4+, full day 02:00-26:00","CIM TV yearly market shares (region North), as published on cim.be","https://www.cim.be/nl/televisie (tab Marktaandelen, jaar 2022, regio Noord)",value published in basis points (e.g. 3036 = 30.36%)
2022,DOBBIT TV,Other,0.16,"Market share (marktaandeel), total population 4+, full day 02:00-26:00","CIM TV yearly market shares (region North), as published on cim.be","https://www.cim.be/nl/televisie (tab Marktaandelen, jaar 2022, regio Noord)",value published in basis points (e.g. 3036 = 30.36%)
2022,KANAAL Z (NL),Other,0.15,"Market share (marktaandeel), total population 4+, full day 02:00-26:00","CIM TV yearly market shares (region North), as published on cim.be","https://www.cim.be/nl/televisie (tab Marktaandelen, jaar 2022, regio Noord)",value published in basis points (e.g. 3036 = 30.36%)
2022,CARTOON NETWORK (NL),Other,0.14,"Market share (marktaandeel), total population 4+, full day 02:00-26:00","CIM TV yearly market shares (region North), as published on cim.be","https://www.cim.be/nl/televisie (tab Marktaandelen, jaar 2022, regio Noord)",value published in basis points (e.g. 3036 = 30.36%)
2022,VTM KIDS,DPG Media (VTM family),0.11,"Market share (marktaandeel), total population 4+, full day 02:00-26:00","CIM TV yearly market shares (region North), as published on cim.be","https://www.cim.be/nl/televisie (tab Marktaandelen, jaar 2022, regio Noord)",value published in basis points (e.g. 3036 = 30.36%)
2022,ELEVEN (NL),Other,0.09,"Market share (marktaandeel), total population 4+, full day 02:00-26:00","CIM TV yearly market shares (region North), as published on cim.be","https://www.cim.be/nl/televisie (tab Marktaandelen, jaar 2022, regio Noord)",value published in basis points (e.g. 3036 = 30.36%)
2022,ELEVEN PRO LEAGUE 2 (NL),Other,0.09,"Market share (marktaandeel), total population 4+, full day 02:00-26:00","CIM TV yearly market shares (region North), as published on cim.be","https://www.cim.be/nl/televisie (tab Marktaandelen, jaar 2022, regio Noord)",value published in basis points (e.g. 3036 = 30.36%)
2022,XITE,Other,0.07,"Market share (marktaandeel), total population 4+, full day 02:00-26:00","CIM TV yearly market shares (region North), as published on cim.be","https://www.cim.be/nl/televisie (tab Marktaandelen, jaar 2022, regio Noord)",value published in basis points (e.g. 3036 = 30.36%)
2022,TV PLUS,Other,0.04,"Market share (marktaandeel), total population 4+, full day 02:00-26:00","CIM TV yearly market shares (region North), as published on cim.be","https://www.cim.be/nl/televisie (tab Marktaandelen, jaar 2022, regio Noord)",value published in basis points (e.g. 3036 = 30.36%)
2022,SPORT 10,Other,0.02,"Market share (marktaandeel), total population 4+, full day 02:00-26:00","CIM TV yearly market shares (region North), as published on cim.be","https://www.cim.be/nl/televisie (tab Marktaandelen, jaar 2022, regio Noord)",value published in basis points (e.g. 3036 = 30.36%)
2023,VRT1,VRT,31.66,"Market share (marktaandeel), total population 4+, full day 02:00-26:00","CIM TV yearly market shares (region North), as published on cim.be","https://www.cim.be/nl/televisie (tab Marktaandelen, jaar 2023, regio Noord)",value published in basis points (e.g. 3036 = 30.36%)
2023,VTM,DPG Media (VTM family),17.95,"Market share (marktaandeel), total population 4+, full day 02:00-26:00","CIM TV yearly market shares (region North), as published on cim.be","https://www.cim.be/nl/televisie (tab Marktaandelen, jaar 2023, regio Noord)",value published in basis points (e.g. 3036 = 30.36%)
2023,PLAY4,Play Media (SBS/Play family),6.66,"Market share (marktaandeel), total population 4+, full day 02:00-26:00","CIM TV yearly market shares (region North), as published on cim.be","https://www.cim.be/nl/televisie (tab Marktaandelen, jaar 2023, regio Noord)",value published in basis points (e.g. 3036 = 30.36%)
2023,VRT CANVAS,VRT,4.96,"Market share (marktaandeel), total population 4+, full day 02:00-26:00","CIM TV yearly market shares (region North), as published on cim.be","https://www.cim.be/nl/televisie (tab Marktaandelen, jaar 2023, regio Noord)",value published in basis points (e.g. 3036 = 30.36%)
2023,VTM2,DPG Media (VTM family),4.32,"Market share (marktaandeel), total population 4+, full day 02:00-26:00","CIM TV yearly market shares (region North), as published on cim.be","https://www.cim.be/nl/televisie (tab Marktaandelen, jaar 2023, regio Noord)",value published in basis points (e.g. 3036 = 30.36%)
2023,PLAY5,Play Media (SBS/Play family),3.52,"Market share (marktaandeel), total population 4+, full day 02:00-26:00","CIM TV yearly market shares (region North), as published on cim.be","https://www.cim.be/nl/televisie (tab Marktaandelen, jaar 2023, regio Noord)",value published in basis points (e.g. 3036 = 30.36%)
2023,VTM3,DPG Media (VTM family),2.6,"Market share (marktaandeel), total population 4+, full day 02:00-26:00","CIM TV yearly market shares (region North), as published on cim.be","https://www.cim.be/nl/televisie (tab Marktaandelen, jaar 2023, regio Noord)",value published in basis points (e.g. 3036 = 30.36%)
2023,PLAY6,Play Media (SBS/Play family),1.72,"Market share (marktaandeel), total population 4+, full day 02:00-26:00","CIM TV yearly market shares (region North), as published on cim.be","https://www.cim.be/nl/televisie (tab Marktaandelen, jaar 2023, regio Noord)",value published in basis points (e.g. 3036 = 30.36%)
2023,VTM4,DPG Media (VTM family),1.7,"Market share (marktaandeel), total population 4+, full day 02:00-26:00","CIM TV yearly market shares (region North), as published on cim.be","https://www.cim.be/nl/televisie (tab Marktaandelen, jaar 2023, regio Noord)",value published in basis points (e.g. 3036 = 30.36%)
2023,BBC FIRST,Other,1.58,"Market share (marktaandeel), total population 4+, full day 02:00-26:00","CIM TV yearly market shares (region North), as published on cim.be","https://www.cim.be/nl/televisie (tab Marktaandelen, jaar 2023, regio Noord)",value published in basis points (e.g. 3036 = 30.36%)
2023,VTM GOLD,DPG Media (VTM family),1.39,"Market share (marktaandeel), total population 4+, full day 02:00-26:00","CIM TV yearly market shares (region North), as published on cim.be","https://www.cim.be/nl/televisie (tab Marktaandelen, jaar 2023, regio Noord)",value published in basis points (e.g. 3036 = 30.36%)
2023,DISCOVERY CHANNEL,Other,1.33,"Market share (marktaandeel), total population 4+, full day 02:00-26:00","CIM TV yearly market shares (region North), as published on cim.be","https://www.cim.be/nl/televisie (tab Marktaandelen, jaar 2023, regio Noord)",value published in basis points (e.g. 3036 = 30.36%)
2023,PLAY7,Play Media (SBS/Play family),1.14,"Market share (marktaandeel), total population 4+, full day 02:00-26:00","CIM TV yearly market shares (region North), as published on cim.be","https://www.cim.be/nl/televisie (tab Marktaandelen, jaar 2023, regio Noord)",value published in basis points (e.g. 3036 = 30.36%)
2023,ECLIPS TV,Other,1.11,"Market share (marktaandeel), total population 4+, full day 02:00-26:00","CIM TV yearly market shares (region North), as published on cim.be","https://www.cim.be/nl/televisie (tab Marktaandelen, jaar 2023, regio Noord)",value published in basis points (e.g. 3036 = 30.36%)
2023,TLC,Other,1.05,"Market share (marktaandeel), total population 4+, full day 02:00-26:00","CIM TV yearly market shares (region North), as published on cim.be","https://www.cim.be/nl/televisie (tab Marktaandelen, jaar 2023, regio Noord)",value published in basis points (e.g. 3036 = 30.36%)
2023,NATIONAL GEOGRAPHIC NL,Other,1.05,"Market share (marktaandeel), total population 4+, full day 02:00-26:00","CIM TV yearly market shares (region North), as published on cim.be","https://www.cim.be/nl/televisie (tab Marktaandelen, jaar 2023, regio Noord)",value published in basis points (e.g. 3036 = 30.36%)
2023,KETNET,VRT,0.89,"Market share (marktaandeel), total population 4+, full day 02:00-26:00","CIM TV yearly market shares (region North), as published on cim.be","https://www.cim.be/nl/televisie (tab Marktaandelen, jaar 2023, regio Noord)",value published in basis points (e.g. 3036 = 30.36%)
2023,ELEVEN PRO LEAGUE 1 NL,Other,0.87,"Market share (marktaandeel), total population 4+, full day 02:00-26:00","CIM TV yearly market shares (region North), as published on cim.be","https://www.cim.be/nl/televisie (tab Marktaandelen, jaar 2023, regio Noord)",value published in basis points (e.g. 3036 = 30.36%)
2023,STAR CHANNEL,Other,0.72,"Market share (marktaandeel), total population 4+, full day 02:00-26:00","CIM TV yearly market shares (region North), as published on cim.be","https://www.cim.be/nl/televisie (tab Marktaandelen, jaar 2023, regio Noord)",value published in basis points (e.g. 3036 = 30.36%)
2023,MENT TV NL,Other,0.56,"Market share (marktaandeel), total population 4+, full day 02:00-26:00","CIM TV yearly market shares (region North), as published on cim.be","https://www.cim.be/nl/televisie (tab Marktaandelen, jaar 2023, regio Noord)",value published in basis points (e.g. 3036 = 30.36%)
2023,NJAM!,Other,0.41,"Market share (marktaandeel), total population 4+, full day 02:00-26:00","CIM TV yearly market shares (region North), as published on cim.be","https://www.cim.be/nl/televisie (tab Marktaandelen, jaar 2023, regio Noord)",value published in basis points (e.g. 3036 = 30.36%)
2023,NICK JR.,Other,0.38,"Market share (marktaandeel), total population 4+, full day 02:00-26:00","CIM TV yearly market shares (region North), as published on cim.be","https://www.cim.be/nl/televisie (tab Marktaandelen, jaar 2023, regio Noord)",value published in basis points (e.g. 3036 = 30.36%)
2023,DISNEY JUNIOR NL,Other,0.33,"Market share (marktaandeel), total population 4+, full day 02:00-26:00","CIM TV yearly market shares (region North), as published on cim.be","https://www.cim.be/nl/televisie (tab Marktaandelen, jaar 2023, regio Noord)",value published in basis points (e.g. 3036 = 30.36%)
2023,PLAY 247,Play Media (SBS/Play family),0.3,"Market share (marktaandeel), total population 4+, full day 02:00-26:00","CIM TV yearly market shares (region North), as published on cim.be","https://www.cim.be/nl/televisie (tab Marktaandelen, jaar 2023, regio Noord)",value published in basis points (e.g. 3036 = 30.36%)
2023,STUDIO 100 TV,Other,0.24,"Market share (marktaandeel), total population 4+, full day 02:00-26:00","CIM TV yearly market shares (region North), as published on cim.be","https://www.cim.be/nl/televisie (tab Marktaandelen, jaar 2023, regio Noord)",value published in basis points (e.g. 3036 = 30.36%)
2023,MTV (NL),Other,0.22,"Market share (marktaandeel), total population 4+, full day 02:00-26:00","CIM TV yearly market shares (region North), as published on cim.be","https://www.cim.be/nl/televisie (tab Marktaandelen, jaar 2023, regio Noord)",value published in basis points (e.g. 3036 = 30.36%)
2023,PLATTELANDSTV,Other,0.2,"Market share (marktaandeel), total population 4+, full day 02:00-26:00","CIM TV yearly market shares (region North), as published on cim.be","https://www.cim.be/nl/televisie (tab Marktaandelen, jaar 2023, regio Noord)",value published in basis points (e.g. 3036 = 30.36%)
2023,KANAAL Z (NL),Other,0.17,"Market share (marktaandeel), total population 4+, full day 02:00-26:00","CIM TV yearly market shares (region North), as published on cim.be","https://www.cim.be/nl/televisie (tab Marktaandelen, jaar 2023, regio Noord)",value published in basis points (e.g. 3036 = 30.36%)
2023,COMEDY CENTRAL,Other,0.15,"Market share (marktaandeel), total population 4+, full day 02:00-26:00","CIM TV yearly market shares (region North), as published on cim.be","https://www.cim.be/nl/televisie (tab Marktaandelen, jaar 2023, regio Noord)",value published in basis points (e.g. 3036 = 30.36%)
2023,DOBBIT TV,Other,0.14,"Market share (marktaandeel), total population 4+, full day 02:00-26:00","CIM TV yearly market shares (region North), as published on cim.be","https://www.cim.be/nl/televisie (tab Marktaandelen, jaar 2023, regio Noord)",value published in basis points (e.g. 3036 = 30.36%)
2023,DISNEY CHANNEL VL,Other,0.13,"Market share (marktaandeel), total population 4+, full day 02:00-26:00","CIM TV yearly market shares (region North), as published on cim.be","https://www.cim.be/nl/televisie (tab Marktaandelen, jaar 2023, regio Noord)",value published in basis points (e.g. 3036 = 30.36%)
2023,ELEVEN PRO LEAGUE 2 NL,Other,0.09,"Market share (marktaandeel), total population 4+, full day 02:00-26:00","CIM TV yearly market shares (region North), as published on cim.be","https://www.cim.be/nl/televisie (tab Marktaandelen, jaar 2023, regio Noord)",value published in basis points (e.g. 3036 = 30.36%)
2023,ELEVEN NL,Other,0.07,"Market share (marktaandeel), total population 4+, full day 02:00-26:00","CIM TV yearly market shares (region North), as published on cim.be","https://www.cim.be/nl/televisie (tab Marktaandelen, jaar 2023, regio Noord)",value published in basis points (e.g. 3036 = 30.36%)
2023,CARTOON NETWORK (NL),Other,0.06,"Market share (marktaandeel), total population 4+, full day 02:00-26:00","CIM TV yearly market shares (region North), as published on cim.be","https://www.cim.be/nl/televisie (tab Marktaandelen, jaar 2023, regio Noord)",value published in basis points (e.g. 3036 = 30.36%)
2023,TV PLUS,Other,0.05,"Market share (marktaandeel), total population 4+, full day 02:00-26:00","CIM TV yearly market shares (region North), as published on cim.be","https://www.cim.be/nl/televisie (tab Marktaandelen, jaar 2023, regio Noord)",value published in basis points (e.g. 3036 = 30.36%)
2023,XITE,Other,0.05,"Market share (marktaandeel), total population 4+, full day 02:00-26:00","CIM TV yearly market shares (region North), as published on cim.be","https://www.cim.be/nl/televisie (tab Marktaandelen, jaar 2023, regio Noord)",value published in basis points (e.g. 3036 = 30.36%)
2023,SPORT 10,Other,0.02,"Market share (marktaandeel), total population 4+, full day 02:00-26:00","CIM TV yearly market shares (region North), as published on cim.be","https://www.cim.be/nl/televisie (tab Marktaandelen, jaar 2023, regio Noord)",value published in basis points (e.g. 3036 = 30.36%)
2023,NICKELODEON NL,Other,0.0,"Market share (marktaandeel), total population 4+, full day 02:00-26:00","CIM TV yearly market shares (region North), as published on cim.be","https://www.cim.be/nl/televisie (tab Marktaandelen, jaar 2023, regio Noord)",value published in basis points (e.g. 3036 = 30.36%)
2023,HISTORY CHANNEL,Other,0.0,"Market share (marktaandeel), total population 4+, full day 02:00-26:00","CIM TV yearly market shares (region North), as published on cim.be","https://www.cim.be/nl/televisie (tab Marktaandelen, jaar 2023, regio Noord)",value published in basis points (e.g. 3036 = 30.36%)
2024,VRT 1,VRT,32.17,"Market share (marktaandeel), total population 4+, full day 02:00-26:00","CIM TV yearly market shares (region North), as published on cim.be","https://www.cim.be/nl/televisie (tab Marktaandelen, jaar 2024, regio Noord)",value published in basis points (e.g. 3036 = 30.36%)
2024,VTM,DPG Media (VTM family),17.59,"Market share (marktaandeel), total population 4+, full day 02:00-26:00","CIM TV yearly market shares (region North), as published on cim.be","https://www.cim.be/nl/televisie (tab Marktaandelen, jaar 2024, regio Noord)",value published in basis points (e.g. 3036 = 30.36%)
2024,PLAY4,Play Media (SBS/Play family),7.26,"Market share (marktaandeel), total population 4+, full day 02:00-26:00","CIM TV yearly market shares (region North), as published on cim.be","https://www.cim.be/nl/televisie (tab Marktaandelen, jaar 2024, regio Noord)",value published in basis points (e.g. 3036 = 30.36%)
2024,VRT CANVAS,VRT,5.11,"Market share (marktaandeel), total population 4+, full day 02:00-26:00","CIM TV yearly market shares (region North), as published on cim.be","https://www.cim.be/nl/televisie (tab Marktaandelen, jaar 2024, regio Noord)",value published in basis points (e.g. 3036 = 30.36%)
2024,VTM2,DPG Media (VTM family),4.19,"Market share (marktaandeel), total population 4+, full day 02:00-26:00","CIM TV yearly market shares (region North), as published on cim.be","https://www.cim.be/nl/televisie (tab Marktaandelen, jaar 2024, regio Noord)",value published in basis points (e.g. 3036 = 30.36%)
2024,PLAY5,Play Media (SBS/Play family),3.57,"Market share (marktaandeel), total population 4+, full day 02:00-26:00","CIM TV yearly market shares (region North), as published on cim.be","https://www.cim.be/nl/televisie (tab Marktaandelen, jaar 2024, regio Noord)",value published in basis points (e.g. 3036 = 30.36%)
2024,VTM3,DPG Media (VTM family),2.38,"Market share (marktaandeel), total population 4+, full day 02:00-26:00","CIM TV yearly market shares (region North), as published on cim.be","https://www.cim.be/nl/televisie (tab Marktaandelen, jaar 2024, regio Noord)",value published in basis points (e.g. 3036 = 30.36%)
2024,VTM4,DPG Media (VTM family),1.69,"Market share (marktaandeel), total population 4+, full day 02:00-26:00","CIM TV yearly market shares (region North), as published on cim.be","https://www.cim.be/nl/televisie (tab Marktaandelen, jaar 2024, regio Noord)",value published in basis points (e.g. 3036 = 30.36%)
2024,BBC FIRST,Other,1.67,"Market share (marktaandeel), total population 4+, full day 02:00-26:00","CIM TV yearly market shares (region North), as published on cim.be","https://www.cim.be/nl/televisie (tab Marktaandelen, jaar 2024, regio Noord)",value published in basis points (e.g. 3036 = 30.36%)
2024,PLAY6,Play Media (SBS/Play family),1.54,"Market share (marktaandeel), total population 4+, full day 02:00-26:00","CIM TV yearly market shares (region North), as published on cim.be","https://www.cim.be/nl/televisie (tab Marktaandelen, jaar 2024, regio Noord)",value published in basis points (e.g. 3036 = 30.36%)
2024,VTM GOLD,DPG Media (VTM family),1.43,"Market share (marktaandeel), total population 4+, full day 02:00-26:00","CIM TV yearly market shares (region North), as published on cim.be","https://www.cim.be/nl/televisie (tab Marktaandelen, jaar 2024, regio Noord)",value published in basis points (e.g. 3036 = 30.36%)
2024,PLAY CRIME,Play Media (SBS/Play family),1.12,"Market share (marktaandeel), total population 4+, full day 02:00-26:00","CIM TV yearly market shares (region North), as published on cim.be","https://www.cim.be/nl/televisie (tab Marktaandelen, jaar 2024, regio Noord)",value published in basis points (e.g. 3036 = 30.36%)
2024,DISCOVERY,Other,1.11,"Market share (marktaandeel), total population 4+, full day 02:00-26:00","CIM TV yearly market shares (region North), as published on cim.be","https://www.cim.be/nl/televisie (tab Marktaandelen, jaar 2024, regio Noord)",value published in basis points (e.g. 3036 = 30.36%)
2024,ECLIPS TV,Other,0.96,"Market share (marktaandeel), total population 4+, full day 02:00-26:00","CIM TV yearly market shares (region North), as published on cim.be","https://www.cim.be/nl/televisie (tab Marktaandelen, jaar 2024, regio Noord)",value published in basis points (e.g. 3036 = 30.36%)
2024,NATIONAL GEOGRAPHIC NL,Other,0.96,"Market share (marktaandeel), total population 4+, full day 02:00-26:00","CIM TV yearly market shares (region North), as published on cim.be","https://www.cim.be/nl/televisie (tab Marktaandelen, jaar 2024, regio Noord)",value published in basis points (e.g. 3036 = 30.36%)
2024,EUROSPORT 1 (NL),Other,0.87,"Market share (marktaandeel), total population 4+, full day 02:00-26:00","CIM TV yearly market shares (region North), as published on cim.be","https://www.cim.be/nl/televisie (tab Marktaandelen, jaar 2024, regio Noord)",value published in basis points (e.g. 3036 = 30.36%)
2024,VTM Non-Stop 90s,DPG Media (VTM family),0.78,"Market share (marktaandeel), total population 4+, full day 02:00-26:00","CIM TV yearly market shares (region North), as published on cim.be","https://www.cim.be/nl/televisie (tab Marktaandelen, jaar 2024, regio Noord)",value published in basis points (e.g. 3036 = 30.36%)
2024,KETNET,VRT,0.77,"Market share (marktaandeel), total population 4+, full day 02:00-26:00","CIM TV yearly market shares (region North), as published on cim.be","https://www.cim.be/nl/televisie (tab Marktaandelen, jaar 2024, regio Noord)",value published in basis points (e.g. 3036 = 30.36%)
2024,TLC,Other,0.75,"Market share (marktaandeel), total population 4+, full day 02:00-26:00","CIM TV yearly market shares (region North), as published on cim.be","https://www.cim.be/nl/televisie (tab Marktaandelen, jaar 2024, regio Noord)",value published in basis points (e.g. 3036 = 30.36%)
2024,PLAY7,Play Media (SBS/Play family),0.74,"Market share (marktaandeel), total population 4+, full day 02:00-26:00","CIM TV yearly market shares (region North), as published on cim.be","https://www.cim.be/nl/televisie (tab Marktaandelen, jaar 2024, regio Noord)",value published in basis points (e.g. 3036 = 30.36%)
2024,DAZN PRO LEAGUE 1 (NL),Other,0.7,"Market share (marktaandeel), total population 4+, full day 02:00-26:00","CIM TV yearly market shares (region North), as published on cim.be","https://www.cim.be/nl/televisie (tab Marktaandelen, jaar 2024, regio Noord)",value published in basis points (e.g. 3036 = 30.36%)
2024,STAR CHANNEL,Other,0.67,"Market share (marktaandeel), total population 4+, full day 02:00-26:00","CIM TV yearly market shares (region North), as published on cim.be","https://www.cim.be/nl/televisie (tab Marktaandelen, jaar 2024, regio Noord)",value published in basis points (e.g. 3036 = 30.36%)
2024,DISNEY JUNIOR NL,Other,0.46,"Market share (marktaandeel), total population 4+, full day 02:00-26:00","CIM TV yearly market shares (region North), as published on cim.be","https://www.cim.be/nl/televisie (tab Marktaandelen, jaar 2024, regio Noord)",value published in basis points (e.g. 3036 = 30.36%)
2024,MENT 55,Other,0.43,"Market share (marktaandeel), total population 4+, full day 02:00-26:00","CIM TV yearly market shares (region North), as published on cim.be","https://www.cim.be/nl/televisie (tab Marktaandelen, jaar 2024, regio Noord)",value published in basis points (e.g. 3036 = 30.36%)
2024,NJAM!,Other,0.42,"Market share (marktaandeel), total population 4+, full day 02:00-26:00","CIM TV yearly market shares (region North), as published on cim.be","https://www.cim.be/nl/televisie (tab Marktaandelen, jaar 2024, regio Noord)",value published in basis points (e.g. 3036 = 30.36%)
2024,NICK JR.,Other,0.28,"Market share (marktaandeel), total population 4+, full day 02:00-26:00","CIM TV yearly market shares (region North), as published on cim.be","https://www.cim.be/nl/televisie (tab Marktaandelen, jaar 2024, regio Noord)",value published in basis points (e.g. 3036 = 30.36%)
2024,PLAY 247,Play Media (SBS/Play family),0.28,"Market share (marktaandeel), total population 4+, full day 02:00-26:00","CIM TV yearly market shares (region North), as published on cim.be","https://www.cim.be/nl/televisie (tab Marktaandelen, jaar 2024, regio Noord)",value published in basis points (e.g. 3036 = 30.36%)
2024,NICKELODEON NL,Other,0.28,"Market share (marktaandeel), total population 4+, full day 02:00-26:00","CIM TV yearly market shares (region North), as published on cim.be","https://www.cim.be/nl/televisie (tab Marktaandelen, jaar 2024, regio Noord)",value published in basis points (e.g. 3036 = 30.36%)
2024,Investigation Discovery,Other,0.26,"Market share (marktaandeel), total population 4+, full day 02:00-26:00","CIM TV yearly market shares (region North), as published on cim.be","https://www.cim.be/nl/televisie (tab Marktaandelen, jaar 2024, regio Noord)",value published in basis points (e.g. 3036 = 30.36%)
2024,ATV,Other,0.26,"Market share (marktaandeel), total population 4+, full day 02:00-26:00","CIM TV yearly market shares (region North), as published on cim.be","https://www.cim.be/nl/televisie (tab Marktaandelen, jaar 2024, regio Noord)",value published in basis points (e.g. 3036 = 30.36%)
2024,COMEDY CENTRAL,Other,0.26,"Market share (marktaandeel), total population 4+, full day 02:00-26:00","CIM TV yearly market shares (region North), as published on cim.be","https://www.cim.be/nl/televisie (tab Marktaandelen, jaar 2024, regio Noord)",value published in basis points (e.g. 3036 = 30.36%)
2024,HISTORY CHANNEL NL,Other,0.23,"Market share (marktaandeel), total population 4+, full day 02:00-26:00","CIM TV yearly market shares (region North), as published on cim.be","https://www.cim.be/nl/televisie (tab Marktaandelen, jaar 2024, regio Noord)",value published in basis points (e.g. 3036 = 30.36%)
2024,MTV (NL),Other,0.22,"Market share (marktaandeel), total population 4+, full day 02:00-26:00","CIM TV yearly market shares (region North), as published on cim.be","https://www.cim.be/nl/televisie (tab Marktaandelen, jaar 2024, regio Noord)",value published in basis points (e.g. 3036 = 30.36%)
2024,STUDIO 100 TV,Other,0.19,"Market share (marktaandeel), total population 4+, full day 02:00-26:00","CIM TV yearly market shares (region North), as published on cim.be","https://www.cim.be/nl/televisie (tab Marktaandelen, jaar 2024, regio Noord)",value published in basis points (e.g. 3036 = 30.36%)
2024,PLATTELANDSTV,Other,0.19,"Market share (marktaandeel), total population 4+, full day 02:00-26:00","CIM TV yearly market shares (region North), as published on cim.be","https://www.cim.be/nl/televisie (tab Marktaandelen, jaar 2024, regio Noord)",value published in basis points (e.g. 3036 = 30.36%)
2024,TV OOST,Other,0.17,"Market share (marktaandeel), total population 4+, full day 02:00-26:00","CIM TV yearly market shares (region North), as published on cim.be","https://www.cim.be/nl/televisie (tab Marktaandelen, jaar 2024, regio Noord)",value published in basis points (e.g. 3036 = 30.36%)
2024,KANAAL Z (NL),Other,0.16,"Market share (marktaandeel), total population 4+, full day 02:00-26:00","CIM TV yearly market shares (region North), as published on cim.be","https://www.cim.be/nl/televisie (tab Marktaandelen, jaar 2024, regio Noord)",value published in basis points (e.g. 3036 = 30.36%)
2024,ROB TV,Other,0.15,"Market share (marktaandeel), total population 4+, full day 02:00-26:00","CIM TV yearly market shares (region North), as published on cim.be","https://www.cim.be/nl/televisie (tab Marktaandelen, jaar 2024, regio Noord)",value published in basis points (e.g. 3036 = 30.36%)
2024,DOBBIT TV,Other,0.12,"Market share (marktaandeel), total population 4+, full day 02:00-26:00","CIM TV yearly market shares (region North), as published on cim.be","https://www.cim.be/nl/televisie (tab Marktaandelen, jaar 2024, regio Noord)",value published in basis points (e.g. 3036 = 30.36%)
2024,DISNEY CHANNEL VL,Other,0.12,"Market share (marktaandeel), total population 4+, full day 02:00-26:00","CIM TV yearly market shares (region North), as published on cim.be","https://www.cim.be/nl/televisie (tab Marktaandelen, jaar 2024, regio Noord)",value published in basis points (e.g. 3036 = 30.36%)
2024,PICKX+ NL,Other,0.11,"Market share (marktaandeel), total population 4+, full day 02:00-26:00","CIM TV yearly market shares (region North), as published on cim.be","https://www.cim.be/nl/televisie (tab Marktaandelen, jaar 2024, regio Noord)",value published in basis points (e.g. 3036 = 30.36%)
2024,MENT POP,Other,0.11,"Market share (marktaandeel), total population 4+, full day 02:00-26:00","CIM TV yearly market shares (region North), as published on cim.be","https://www.cim.be/nl/televisie (tab Marktaandelen, jaar 2024, regio Noord)",value published in basis points (e.g. 3036 = 30.36%)
2024,PLAY SPORTS OPEN,Other,0.1,"Market share (marktaandeel), total population 4+, full day 02:00-26:00","CIM TV yearly market shares (region North), as published on cim.be","https://www.cim.be/nl/televisie (tab Marktaandelen, jaar 2024, regio Noord)",value published in basis points (e.g. 3036 = 30.36%)
2024,CARTOON NETWORK (NL),Other,0.09,"Market share (marktaandeel), total population 4+, full day 02:00-26:00","CIM TV yearly market shares (region North), as published on cim.be","https://www.cim.be/nl/televisie (tab Marktaandelen, jaar 2024, regio Noord)",value published in basis points (e.g. 3036 = 30.36%)
2024,HGTV,Other,0.08,"Market share (marktaandeel), total population 4+, full day 02:00-26:00","CIM TV yearly market shares (region North), as published on cim.be","https://www.cim.be/nl/televisie (tab Marktaandelen, jaar 2024, regio Noord)",value published in basis points (e.g. 3036 = 30.36%)
2024,PICKX+ SPORT 1 NL,Other,0.07,"Market share (marktaandeel), total population 4+, full day 02:00-26:00","CIM TV yearly market shares (region North), as published on cim.be","https://www.cim.be/nl/televisie (tab Marktaandelen, jaar 2024, regio Noord)",value published in basis points (e.g. 3036 = 30.36%)
2024,DAZN PRO LEAGUE 2 (NL),Other,0.06,"Market share (marktaandeel), total population 4+, full day 02:00-26:00","CIM TV yearly market shares (region North), as published on cim.be","https://www.cim.be/nl/televisie (tab Marktaandelen, jaar 2024, regio Noord)",value published in basis points (e.g. 3036 = 30.36%)
2024,DAZN 1 (NL),Other,0.05,"Market share (marktaandeel), total population 4+, full day 02:00-26:00","CIM TV yearly market shares (region North), as published on cim.be","https://www.cim.be/nl/televisie (tab Marktaandelen, jaar 2024, regio Noord)",value published in basis points (e.g. 3036 = 30.36%)
2024,XITE,Other,0.04,"Market share (marktaandeel), total population 4+, full day 02:00-26:00","CIM TV yearly market shares (region North), as published on cim.be","https://www.cim.be/nl/televisie (tab Marktaandelen, jaar 2024, regio Noord)",value published in basis points (e.g. 3036 = 30.36%)
2024,DAZN 2 (NL),Other,0.02,"Market share (marktaandeel), total population 4+, full day 02:00-26:00","CIM TV yearly market shares (region North), as published on cim.be","https://www.cim.be/nl/televisie (tab Marktaandelen, jaar 2024, regio Noord)",value published in basis points (e.g. 3036 = 30.36%)
2024,SPORT 10,Other,0.02,"Market share (marktaandeel), total population 4+, full day 02:00-26:00","CIM TV yearly market shares (region North), as published on cim.be","https://www.cim.be/nl/televisie (tab Marktaandelen, jaar 2024, regio Noord)",value published in basis points (e.g. 3036 = 30.36%)
2025,VRT 1,VRT,30.27,"Market share (marktaandeel), total population 4+, full day 02:00-26:00","CIM TV yearly market shares (region North), as published on cim.be","https://www.cim.be/nl/televisie (tab Marktaandelen, jaar 2025, regio Noord)",value published in basis points (e.g. 3036 = 30.36%)
2025,VTM,DPG Media (VTM family),17.74,"Market share (marktaandeel), total population 4+, full day 02:00-26:00","CIM TV yearly market shares (region North), as published on cim.be","https://www.cim.be/nl/televisie (tab Marktaandelen, jaar 2025, regio Noord)",value published in basis points (e.g. 3036 = 30.36%)
2025,PLAY,Play Media (SBS/Play family),7.34,"Market share (marktaandeel), total population 4+, full day 02:00-26:00","CIM TV yearly market shares (region North), as published on cim.be","https://www.cim.be/nl/televisie (tab Marktaandelen, jaar 2025, regio Noord)",value published in basis points (e.g. 3036 = 30.36%)
2025,VRT CANVAS,VRT,5.72,"Market share (marktaandeel), total population 4+, full day 02:00-26:00","CIM TV yearly market shares (region North), as published on cim.be","https://www.cim.be/nl/televisie (tab Marktaandelen, jaar 2025, regio Noord)",value published in basis points (e.g. 3036 = 30.36%)
2025,VTM2,DPG Media (VTM family),4.81,"Market share (marktaandeel), total population 4+, full day 02:00-26:00","CIM TV yearly market shares (region North), as published on cim.be","https://www.cim.be/nl/televisie (tab Marktaandelen, jaar 2025, regio Noord)",value published in basis points (e.g. 3036 = 30.36%)
2025,PLAY FICTIE,Play Media (SBS/Play family),3.12,"Market share (marktaandeel), total population 4+, full day 02:00-26:00","CIM TV yearly market shares (region North), as published on cim.be","https://www.cim.be/nl/televisie (tab Marktaandelen, jaar 2025, regio Noord)",value published in basis points (e.g. 3036 = 30.36%)
2025,VTM3,DPG Media (VTM family),2.16,"Market share (marktaandeel), total population 4+, full day 02:00-26:00","CIM TV yearly market shares (region North), as published on cim.be","https://www.cim.be/nl/televisie (tab Marktaandelen, jaar 2025, regio Noord)",value published in basis points (e.g. 3036 = 30.36%)
2025,BBC FIRST,Other,1.93,"Market share (marktaandeel), total population 4+, full day 02:00-26:00","CIM TV yearly market shares (region North), as published on cim.be","https://www.cim.be/nl/televisie (tab Marktaandelen, jaar 2025, regio Noord)",value published in basis points (e.g. 3036 = 30.36%)
2025,VTM4,DPG Media (VTM family),1.8,"Market share (marktaandeel), total population 4+, full day 02:00-26:00","CIM TV yearly market shares (region North), as published on cim.be","https://www.cim.be/nl/televisie (tab Marktaandelen, jaar 2025, regio Noord)",value published in basis points (e.g. 3036 = 30.36%)
2025,VTM GOLD,DPG Media (VTM family),1.67,"Market share (marktaandeel), total population 4+, full day 02:00-26:00","CIM TV yearly market shares (region North), as published on cim.be","https://www.cim.be/nl/televisie (tab Marktaandelen, jaar 2025, regio Noord)",value published in basis points (e.g. 3036 = 30.36%)
2025,PLAY ACTIE,Play Media (SBS/Play family),1.4,"Market share (marktaandeel), total population 4+, full day 02:00-26:00","CIM TV yearly market shares (region North), as published on cim.be","https://www.cim.be/nl/televisie (tab Marktaandelen, jaar 2025, regio Noord)",value published in basis points (e.g. 3036 = 30.36%)
2025,ECLIPS TV,Other,1.13,"Market share (marktaandeel), total population 4+, full day 02:00-26:00","CIM TV yearly market shares (region North), as published on cim.be","https://www.cim.be/nl/televisie (tab Marktaandelen, jaar 2025, regio Noord)",value published in basis points (e.g. 3036 = 30.36%)
2025,DISCOVERY,Other,1.11,"Market share (marktaandeel), total population 4+, full day 02:00-26:00","CIM TV yearly market shares (region North), as published on cim.be","https://www.cim.be/nl/televisie (tab Marktaandelen, jaar 2025, regio Noord)",value published in basis points (e.g. 3036 = 30.36%)
2025,PLAY CRIME,Play Media (SBS/Play family),1.07,"Market share (marktaandeel), total population 4+, full day 02:00-26:00","CIM TV yearly market shares (region North), as published on cim.be","https://www.cim.be/nl/televisie (tab Marktaandelen, jaar 2025, regio Noord)",value published in basis points (e.g. 3036 = 30.36%)
2025,NATIONAL GEOGRAPHIC NL,Other,1.01,"Market share (marktaandeel), total population 4+, full day 02:00-26:00","CIM TV yearly market shares (region North), as published on cim.be","https://www.cim.be/nl/televisie (tab Marktaandelen, jaar 2025, regio Noord)",value published in basis points (e.g. 3036 = 30.36%)
2025,EUROSPORT 1 (NL),Other,0.97,"Market share (marktaandeel), total population 4+, full day 02:00-26:00","CIM TV yearly market shares (region North), as published on cim.be","https://www.cim.be/nl/televisie (tab Marktaandelen, jaar 2025, regio Noord)",value published in basis points (e.g. 3036 = 30.36%)
2025,PLAY REALITY,Play Media (SBS/Play family),0.9,"Market share (marktaandeel), total population 4+, full day 02:00-26:00","CIM TV yearly market shares (region North), as published on cim.be","https://www.cim.be/nl/televisie (tab Marktaandelen, jaar 2025, regio Noord)",value published in basis points (e.g. 3036 = 30.36%)
2025,VTM Life,DPG Media (VTM family),0.89,"Market share (marktaandeel), total population 4+, full day 02:00-26:00","CIM TV yearly market shares (region North), as published on cim.be","https://www.cim.be/nl/televisie (tab Marktaandelen, jaar 2025, regio Noord)",value published in basis points (e.g. 3036 = 30.36%)
2025,KETNET,VRT,0.73,"Market share (marktaandeel), total population 4+, full day 02:00-26:00","CIM TV yearly market shares (region North), as published on cim.be","https://www.cim.be/nl/televisie (tab Marktaandelen, jaar 2025, regio Noord)",value published in basis points (e.g. 3036 = 30.36%)
2025,STAR CHANNEL,Other,0.72,"Market share (marktaandeel), total population 4+, full day 02:00-26:00","CIM TV yearly market shares (region North), as published on cim.be","https://www.cim.be/nl/televisie (tab Marktaandelen, jaar 2025, regio Noord)",value published in basis points (e.g. 3036 = 30.36%)
2025,TLC,Other,0.65,"Market share (marktaandeel), total population 4+, full day 02:00-26:00","CIM TV yearly market shares (region North), as published on cim.be","https://www.cim.be/nl/televisie (tab Marktaandelen, jaar 2025, regio Noord)",value published in basis points (e.g. 3036 = 30.36%)
2025,MENT 55,Other,0.44,"Market share (marktaandeel), total population 4+, full day 02:00-26:00","CIM TV yearly market shares (region North), as published on cim.be","https://www.cim.be/nl/televisie (tab Marktaandelen, jaar 2025, regio Noord)",value published in basis points (e.g. 3036 = 30.36%)
2025,DISNEY JUNIOR NL,Other,0.42,"Market share (marktaandeel), total population 4+, full day 02:00-26:00","CIM TV yearly market shares (region North), as published on cim.be","https://www.cim.be/nl/televisie (tab Marktaandelen, jaar 2025, regio Noord)",value published in basis points (e.g. 3036 = 30.36%)
2025,COMEDY CENTRAL,Other,0.41,"Market share (marktaandeel), total population 4+, full day 02:00-26:00","CIM TV yearly market shares (region North), as published on cim.be","https://www.cim.be/nl/televisie (tab Marktaandelen, jaar 2025, regio Noord)",value published in basis points (e.g. 3036 = 30.36%)
2025,NJAM!,Other,0.37,"Market share (marktaandeel), total population 4+, full day 02:00-26:00","CIM TV yearly market shares (region North), as published on cim.be","https://www.cim.be/nl/televisie (tab Marktaandelen, jaar 2025, regio Noord)",value published in basis points (e.g. 3036 = 30.36%)
2025,Investigation Discovery,Other,0.37,"Market share (marktaandeel), total population 4+, full day 02:00-26:00","CIM TV yearly market shares (region North), as published on cim.be","https://www.cim.be/nl/televisie (tab Marktaandelen, jaar 2025, regio Noord)",value published in basis points (e.g. 3036 = 30.36%)
2025,NICKELODEON/SPIKE,Other,0.33,"Market share (marktaandeel), total population 4+, full day 02:00-26:00","CIM TV yearly market shares (region North), as published on cim.be","https://www.cim.be/nl/televisie (tab Marktaandelen, jaar 2025, regio Noord)",value published in basis points (e.g. 3036 = 30.36%)
2025,DAZN PRO LEAGUE 1 (NL),Other,0.31,"Market share (marktaandeel), total population 4+, full day 02:00-26:00","CIM TV yearly market shares (region North), as published on cim.be","https://www.cim.be/nl/televisie (tab Marktaandelen, jaar 2025, regio Noord)",value published in basis points (e.g. 3036 = 30.36%)
2025,NICK JR.,Other,0.31,"Market share (marktaandeel), total population 4+, full day 02:00-26:00","CIM TV yearly market shares (region North), as published on cim.be","https://www.cim.be/nl/televisie (tab Marktaandelen, jaar 2025, regio Noord)",value published in basis points (e.g. 3036 = 30.36%)
2025,HGTV,Other,0.31,"Market share (marktaandeel), total population 4+, full day 02:00-26:00","CIM TV yearly market shares (region North), as published on cim.be","https://www.cim.be/nl/televisie (tab Marktaandelen, jaar 2025, regio Noord)",value published in basis points (e.g. 3036 = 30.36%)
2025,ATV,Other,0.28,"Market share (marktaandeel), total population 4+, full day 02:00-26:00","CIM TV yearly market shares (region North), as published on cim.be","https://www.cim.be/nl/televisie (tab Marktaandelen, jaar 2025, regio Noord)",value published in basis points (e.g. 3036 = 30.36%)
2025,HISTORY CHANNEL NL,Other,0.23,"Market share (marktaandeel), total population 4+, full day 02:00-26:00","CIM TV yearly market shares (region North), as published on cim.be","https://www.cim.be/nl/televisie (tab Marktaandelen, jaar 2025, regio Noord)",value published in basis points (e.g. 3036 = 30.36%)
2025,PLATTELANDSTV,Other,0.21,"Market share (marktaandeel), total population 4+, full day 02:00-26:00","CIM TV yearly market shares (region North), as published on cim.be","https://www.cim.be/nl/televisie (tab Marktaandelen, jaar 2025, regio Noord)",value published in basis points (e.g. 3036 = 30.36%)
2025,MTV (NL),Other,0.19,"Market share (marktaandeel), total population 4+, full day 02:00-26:00","CIM TV yearly market shares (region North), as published on cim.be","https://www.cim.be/nl/televisie (tab Marktaandelen, jaar 2025, regio Noord)",value published in basis points (e.g. 3036 = 30.36%)
2025,PLAY 247,Play Media (SBS/Play family),0.17,"Market share (marktaandeel), total population 4+, full day 02:00-26:00","CIM TV yearly market shares (region North), as published on cim.be","https://www.cim.be/nl/televisie (tab Marktaandelen, jaar 2025, regio Noord)",value published in basis points (e.g. 3036 = 30.36%)
2025,TV OOST,Other,0.17,"Market share (marktaandeel), total population 4+, full day 02:00-26:00","CIM TV yearly market shares (region North), as published on cim.be","https://www.cim.be/nl/televisie (tab Marktaandelen, jaar 2025, regio Noord)",value published in basis points (e.g. 3036 = 30.36%)
2025,TRENDS Z (NL),Other,0.17,"Market share (marktaandeel), total population 4+, full day 02:00-26:00","CIM TV yearly market shares (region North), as published on cim.be","https://www.cim.be/nl/televisie (tab Marktaandelen, jaar 2025, regio Noord)",value published in basis points (e.g. 3036 = 30.36%)
2025,STUDIO 100 TV,Other,0.16,"Market share (marktaandeel), total population 4+, full day 02:00-26:00","CIM TV yearly market shares (region North), as published on cim.be","https://www.cim.be/nl/televisie (tab Marktaandelen, jaar 2025, regio Noord)",value published in basis points (e.g. 3036 = 30.36%)
2025,MENT POP,Other,0.14,"Market share (marktaandeel), total population 4+, full day 02:00-26:00","CIM TV yearly market shares (region North), as published on cim.be","https://www.cim.be/nl/televisie (tab Marktaandelen, jaar 2025, regio Noord)",value published in basis points (e.g. 3036 = 30.36%)
2025,ROB TV,Other,0.12,"Market share (marktaandeel), total population 4+, full day 02:00-26:00","CIM TV yearly market shares (region North), as published on cim.be","https://www.cim.be/nl/televisie (tab Marktaandelen, jaar 2025, regio Noord)",value published in basis points (e.g. 3036 = 30.36%)
2025,DOBBIT TV,Other,0.11,"Market share (marktaandeel), total population 4+, full day 02:00-26:00","CIM TV yearly market shares (region North), as published on cim.be","https://www.cim.be/nl/televisie (tab Marktaandelen, jaar 2025, regio Noord)",value published in basis points (e.g. 3036 = 30.36%)
2025,PICKX+ NL,Other,0.09,"Market share (marktaandeel), total population 4+, full day 02:00-26:00","CIM TV yearly market shares (region North), as published on cim.be","https://www.cim.be/nl/televisie (tab Marktaandelen, jaar 2025, regio Noord)",value published in basis points (e.g. 3036 = 30.36%)
2025,PICKX+ SPORT 1 NL,Other,0.09,"Market share (marktaandeel), total population 4+, full day 02:00-26:00","CIM TV yearly market shares (region North), as published on cim.be","https://www.cim.be/nl/televisie (tab Marktaandelen, jaar 2025, regio Noord)",value published in basis points (e.g. 3036 = 30.36%)
2025,DISNEY CHANNEL VL,Other,0.08,"Market share (marktaandeel), total population 4+, full day 02:00-26:00","CIM TV yearly market shares (region North), as published on cim.be","https://www.cim.be/nl/televisie (tab Marktaandelen, jaar 2025, regio Noord)",value published in basis points (e.g. 3036 = 30.36%)
2025,CARTOON NETWORK (NL),Other,0.08,"Market share (marktaandeel), total population 4+, full day 02:00-26:00","CIM TV yearly market shares (region North), as published on cim.be","https://www.cim.be/nl/televisie (tab Marktaandelen, jaar 2025, regio Noord)",value published in basis points (e.g. 3036 = 30.36%)
2025,PICKX SHOWCASE NL,Other,0.08,"Market share (marktaandeel), total population 4+, full day 02:00-26:00","CIM TV yearly market shares (region North), as published on cim.be","https://www.cim.be/nl/televisie (tab Marktaandelen, jaar 2025, regio Noord)",value published in basis points (e.g. 3036 = 30.36%)
2025,DAZN PRO LEAGUE 2 (NL),Other,0.03,"Market share (marktaandeel), total population 4+, full day 02:00-26:00","CIM TV yearly market shares (region North), as published on cim.be","https://www.cim.be/nl/televisie (tab Marktaandelen, jaar 2025, regio Noord)",value published in basis points (e.g. 3036 = 30.36%)
2025,DAZN 1 (NL),Other,0.03,"Market share (marktaandeel), total population 4+, full day 02:00-26:00","CIM TV yearly market shares (region North), as published on cim.be","https://www.cim.be/nl/televisie (tab Marktaandelen, jaar 2025, regio Noord)",value published in basis points (e.g. 3036 = 30.36%)
2025,XITE,Other,0.03,"Market share (marktaandeel), total population 4+, full day 02:00-26:00","CIM TV yearly market shares (region North), as published on cim.be","https://www.cim.be/nl/televisie (tab Marktaandelen, jaar 2025, regio Noord)",value published in basis points (e.g. 3036 = 30.36%)
2025,SPORT 10,Other,0.03,"Market share (marktaandeel), total population 4+, full day 02:00-26:00","CIM TV yearly market shares (region North), as published on cim.be","https://www.cim.be/nl/televisie (tab Marktaandelen, jaar 2025, regio Noord)",value published in basis points (e.g. 3036 = 30.36%)
2025,PLAY SPORTS OPEN,Other,0.0,"Market share (marktaandeel), total population 4+, full day 02:00-26:00","CIM TV yearly market shares (region North), as published on cim.be","https://www.cim.be/nl/televisie (tab Marktaandelen, jaar 2025, regio Noord)",value published in basis points (e.g. 3036 = 30.36%)
