period,date_from,date_to,cim_value_basis,group,days,days_group_in_top20,avg_viewers_biggest_programme_of_day,median_viewers_biggest_programme_of_day,avg_viewers_per_top20_entry,avg_top20_entries_per_day,avg_summed_top20_viewers_per_day,method,source_url
2016,2016-10-01,2016-12-31,"same-day (Live+VOSDAL), as cached",DPG Media (VTM family),91,91,718797,718643,445285,7.02,3126781,"own calculation from CIM daily Top 20 (North, 4+ incl. guests); 'biggest programme of day' only over days the group has an entry","https://www.cim.be/nl/televisie (tab Dagelijkse top 20, regio Noord, every day in period)"
2016,2016-10-01,2016-12-31,"same-day (Live+VOSDAL), as cached",Play Media (SBS/Play family),91,76,665319,883472,472321,1.66,783741,"own calculation from CIM daily Top 20 (North, 4+ incl. guests); 'biggest programme of day' only over days the group has an entry","https://www.cim.be/nl/televisie (tab Dagelijkse top 20, regio Noord, every day in period)"
2016,2016-10-01,2016-12-31,"same-day (Live+VOSDAL), as cached",VRT,91,91,1171945,1230290,594798,11.29,6712724,"own calculation from CIM daily Top 20 (North, 4+ incl. guests); 'biggest programme of day' only over days the group has an entry","https://www.cim.be/nl/televisie (tab Dagelijkse top 20, regio Noord, every day in period)"
2017,2017-01-01,2017-12-31,"same-day (Live+VOSDAL), as cached",DPG Media (VTM family),363,363,642380,663083,389027,7.16,2784275,"own calculation from CIM daily Top 20 (North, 4+ incl. guests); 'biggest programme of day' only over days the group has an entry","https://www.cim.be/nl/televisie (tab Dagelijkse top 20, regio Noord, every day in period)"
2017,2017-01-01,2017-12-31,"same-day (Live+VOSDAL), as cached",Play Media (SBS/Play family),363,313,370653,277435,311925,1.61,503548,"own calculation from CIM daily Top 20 (North, 4+ incl. guests); 'biggest programme of day' only over days the group has an entry","https://www.cim.be/nl/televisie (tab Dagelijkse top 20, regio Noord, every day in period)"
2017,2017-01-01,2017-12-31,"same-day (Live+VOSDAL), as cached",VRT,363,363,1082531,1161806,539056,11.21,6043957,"own calculation from CIM daily Top 20 (North, 4+ incl. guests); 'biggest programme of day' only over days the group has an entry","https://www.cim.be/nl/televisie (tab Dagelijkse top 20, regio Noord, every day in period)"
2018,2018-01-01,2018-12-31,"same-day (Live+VOSDAL), as cached",DPG Media (VTM family),365,364,637367,623151,374694,7.0,2623882,"own calculation from CIM daily Top 20 (North, 4+ incl. guests); 'biggest programme of day' only over days the group has an entry","https://www.cim.be/nl/televisie (tab Dagelijkse top 20, regio Noord, every day in period)"
2018,2018-01-01,2018-12-31,"same-day (Live+VOSDAL), as cached",Play Media (SBS/Play family),365,308,361710,270464,299715,1.62,486934,"own calculation from CIM daily Top 20 (North, 4+ incl. guests); 'biggest programme of day' only over days the group has an entry","https://www.cim.be/nl/televisie (tab Dagelijkse top 20, regio Noord, every day in period)"
2018,2018-01-01,2018-12-31,"same-day (Live+VOSDAL), as cached",VRT,365,364,1028079,1043354,512812,11.31,5801101,"own calculation from CIM daily Top 20 (North, 4+ incl. guests); 'biggest programme of day' only over days the group has an entry","https://www.cim.be/nl/televisie (tab Dagelijkse top 20, regio Noord, every day in period)"
2019,2019-01-01,2019-12-31,"same-day (Live+VOSDAL), as cached",DPG Media (VTM family),363,363,634331,613933,381522,6.72,2562399,"own calculation from CIM daily Top 20 (North, 4+ incl. guests); 'biggest programme of day' only over days the group has an entry","https://www.cim.be/nl/televisie (tab Dagelijkse top 20, regio Noord, every day in period)"
2019,2019-01-01,2019-12-31,"same-day (Live+VOSDAL), as cached",Play Media (SBS/Play family),363,318,398350,298827,320519,1.74,557155,"own calculation from CIM daily Top 20 (North, 4+ incl. guests); 'biggest programme of day' only over days the group has an entry","https://www.cim.be/nl/televisie (tab Dagelijkse top 20, regio Noord, every day in period)"
2019,2019-01-01,2019-12-31,"same-day (Live+VOSDAL), as cached",VRT,363,363,996875,1068923,495022,11.53,5707073,"own calculation from CIM daily Top 20 (North, 4+ incl. guests); 'biggest programme of day' only over days the group has an entry","https://www.cim.be/nl/televisie (tab Dagelijkse top 20, regio Noord, every day in period)"
2020,2020-01-01,2020-12-31,"same-day (Live+VOSDAL), as cached",DPG Media (VTM family),366,366,732067,706404,431151,6.75,2909680,"own calculation from CIM daily Top 20 (North, 4+ incl. guests); 'biggest programme of day' only over days the group has an entry","https://www.cim.be/nl/televisie (tab Dagelijkse top 20, regio Noord, every day in period)"
2020,2020-01-01,2020-12-31,"same-day (Live+VOSDAL), as cached",Play Media (SBS/Play family),366,309,430348,328363,349523,1.66,578718,"own calculation from CIM daily Top 20 (North, 4+ incl. guests); 'biggest programme of day' only over days the group has an entry","https://www.cim.be/nl/televisie (tab Dagelijkse top 20, regio Noord, every day in period)"
2020,2020-01-01,2020-12-31,"same-day (Live+VOSDAL), as cached",VRT,366,366,1113492,1126301,555989,11.58,6439450,"own calculation from CIM daily Top 20 (North, 4+ incl. guests); 'biggest programme of day' only over days the group has an entry","https://www.cim.be/nl/televisie (tab Dagelijkse top 20, regio Noord, every day in period)"
2021,2021-01-01,2021-12-31,"same-day (Live+VOSDAL), as cached",DPG Media (VTM family),365,365,654930,646444,374341,6.41,2397831,"own calculation from CIM daily Top 20 (North, 4+ incl. guests); 'biggest programme of day' only over days the group has an entry","https://www.cim.be/nl/televisie (tab Dagelijkse top 20, regio Noord, every day in period)"
2021,2021-01-01,2021-12-31,"same-day (Live+VOSDAL), as cached",Play Media (SBS/Play family),365,296,387337,289151,333245,1.48,494846,"own calculation from CIM daily Top 20 (North, 4+ incl. guests); 'biggest programme of day' only over days the group has an entry","https://www.cim.be/nl/televisie (tab Dagelijkse top 20, regio Noord, every day in period)"
2021,2021-01-01,2021-12-31,"same-day (Live+VOSDAL), as cached",VRT,365,365,1078961,1094749,521812,11.94,6231719,"own calculation from CIM daily Top 20 (North, 4+ incl. guests); 'biggest programme of day' only over days the group has an entry","https://www.cim.be/nl/televisie (tab Dagelijkse top 20, regio Noord, every day in period)"
2022,2022-01-01,2022-12-31,"same-day (Live+VOSDAL), as cached",DPG Media (VTM family),365,365,630899,614563,341604,6.55,2237742,"own calculation from CIM daily Top 20 (North, 4+ incl. guests); 'biggest programme of day' only over days the group has an entry","https://www.cim.be/nl/televisie (tab Dagelijkse top 20, regio Noord, every day in period)"
2022,2022-01-01,2022-12-31,"same-day (Live+VOSDAL), as cached",Play Media (SBS/Play family),365,277,341787,244196,284378,1.24,352940,"own calculation from CIM daily Top 20 (North, 4+ incl. guests); 'biggest programme of day' only over days the group has an entry","https://www.cim.be/nl/televisie (tab Dagelijkse top 20, regio Noord, every day in period)"
2022,2022-01-01,2022-12-31,"same-day (Live+VOSDAL), as cached",VRT,365,365,935725,938063,467069,12.13,5667532,"own calculation from CIM daily Top 20 (North, 4+ incl. guests); 'biggest programme of day' only over days the group has an entry","https://www.cim.be/nl/televisie (tab Dagelijkse top 20, regio Noord, every day in period)"
2023 H1,2023-01-01,2023-06-30,"same-day (Live+VOSDAL), as cached",DPG Media (VTM family),181,181,630918,598175,343569,6.09,2091783,"own calculation from CIM daily Top 20 (North, 4+ incl. guests); 'biggest programme of day' only over days the group has an entry","https://www.cim.be/nl/televisie (tab Dagelijkse top 20, regio Noord, every day in period)"
2023 H1,2023-01-01,2023-06-30,"same-day (Live+VOSDAL), as cached",Play Media (SBS/Play family),181,153,300903,232727,239474,1.65,394272,"own calculation from CIM daily Top 20 (North, 4+ incl. guests); 'biggest programme of day' only over days the group has an entry","https://www.cim.be/nl/televisie (tab Dagelijkse top 20, regio Noord, every day in period)"
2023 H1,2023-01-01,2023-06-30,"same-day (Live+VOSDAL), as cached",VRT,181,181,942152,965462,457635,12.04,5509323,"own calculation from CIM daily Top 20 (North, 4+ incl. guests); 'biggest programme of day' only over days the group has an entry","https://www.cim.be/nl/televisie (tab Dagelijkse top 20, regio Noord, every day in period)"
2023 H2,2023-07-01,2023-12-31,"consolidated (Live+7; Live+28 incl. online from 1 Jul 2024), as cached",DPG Media (VTM family),184,184,637740,627815,366598,6.62,2426718,"own calculation from CIM daily Top 20 (North, 4+ incl. guests); 'biggest programme of day' only over days the group has an entry","https://www.cim.be/nl/televisie (tab Dagelijkse top 20, regio Noord, every day in period)"
2023 H2,2023-07-01,2023-12-31,"consolidated (Live+7; Live+28 incl. online from 1 Jul 2024), as cached",Play Media (SBS/Play family),184,165,469723,358370,335849,1.87,627892,"own calculation from CIM daily Top 20 (North, 4+ incl. guests); 'biggest programme of day' only over days the group has an entry","https://www.cim.be/nl/televisie (tab Dagelijkse top 20, regio Noord, every day in period)"
2023 H2,2023-07-01,2023-12-31,"consolidated (Live+7; Live+28 incl. online from 1 Jul 2024), as cached",VRT,184,184,944102,1004680,464078,11.48,5329325,"own calculation from CIM daily Top 20 (North, 4+ incl. guests); 'biggest programme of day' only over days the group has an entry","https://www.cim.be/nl/televisie (tab Dagelijkse top 20, regio Noord, every day in period)"
2024,2024-01-01,2024-12-31,"consolidated (Live+7; Live+28 incl. online from 1 Jul 2024), as cached",DPG Media (VTM family),366,366,640287,617626,370381,6.36,2355868,"own calculation from CIM daily Top 20 (North, 4+ incl. guests); 'biggest programme of day' only over days the group has an entry","https://www.cim.be/nl/televisie (tab Dagelijkse top 20, regio Noord, every day in period)"
2024,2024-01-01,2024-12-31,"consolidated (Live+7; Live+28 incl. online from 1 Jul 2024), as cached",Play Media (SBS/Play family),366,349,445898,329629,324423,2.11,684302,"own calculation from CIM daily Top 20 (North, 4+ incl. guests); 'biggest programme of day' only over days the group has an entry","https://www.cim.be/nl/televisie (tab Dagelijkse top 20, regio Noord, every day in period)"
2024,2024-01-01,2024-12-31,"consolidated (Live+7; Live+28 incl. online from 1 Jul 2024), as cached",VRT,366,366,980563,1003252,463524,11.49,5327995,"own calculation from CIM daily Top 20 (North, 4+ incl. guests); 'biggest programme of day' only over days the group has an entry","https://www.cim.be/nl/televisie (tab Dagelijkse top 20, regio Noord, every day in period)"
2025,2025-01-01,2025-12-31,"consolidated (Live+7; Live+28 incl. online from 1 Jul 2024), as cached",DPG Media (VTM family),365,365,627676,608243,381868,6.07,2316320,"own calculation from CIM daily Top 20 (North, 4+ incl. guests); 'biggest programme of day' only over days the group has an entry","https://www.cim.be/nl/televisie (tab Dagelijkse top 20, regio Noord, every day in period)"
2025,2025-01-01,2025-12-31,"consolidated (Live+7; Live+28 incl. online from 1 Jul 2024), as cached",Play Media (SBS/Play family),365,333,441440,337692,327533,1.83,599431,"own calculation from CIM daily Top 20 (North, 4+ incl. guests); 'biggest programme of day' only over days the group has an entry","https://www.cim.be/nl/televisie (tab Dagelijkse top 20, regio Noord, every day in period)"
2025,2025-01-01,2025-12-31,"consolidated (Live+7; Live+28 incl. online from 1 Jul 2024), as cached",VRT,365,365,908950,948857,432013,12.07,5213750,"own calculation from CIM daily Top 20 (North, 4+ incl. guests); 'biggest programme of day' only over days the group has an entry","https://www.cim.be/nl/televisie (tab Dagelijkse top 20, regio Noord, every day in period)"
2026,2026-01-01,2026-10-01,"consolidated (Live+7; Live+28 incl. online from 1 Jul 2024), as cached",DPG Media (VTM family),271,271,550733,543683,324041,6.29,2037510,"own calculation from CIM daily Top 20 (North, 4+ incl. guests); 'biggest programme of day' only over days the group has an entry","https://www.cim.be/nl/televisie (tab Dagelijkse top 20, regio Noord, every day in period)"
2026,2026-01-01,2026-10-01,"consolidated (Live+7; Live+28 incl. online from 1 Jul 2024), as cached",Play Media (SBS/Play family),271,231,292014,224781,248521,1.68,417259,"own calculation from CIM daily Top 20 (North, 4+ incl. guests); 'biggest programme of day' only over days the group has an entry","https://www.cim.be/nl/televisie (tab Dagelijkse top 20, regio Noord, every day in period)"
2026,2026-01-01,2026-10-01,"consolidated (Live+7; Live+28 incl. online from 1 Jul 2024), as cached",VRT,271,271,838235,848857,389734,12.01,4681126,"own calculation from CIM daily Top 20 (North, 4+ incl. guests); 'biggest programme of day' only over days the group has an entry","https://www.cim.be/nl/televisie (tab Dagelijkse top 20, regio Noord, every day in period)"
2016,2016-10-01,2016-12-31,"same-day (Live+VOSDAL), as cached",All channels (context),91,91,1175489,1230290,531871,19.98,10625732,"own calculation from CIM daily Top 20 (North, 4+ incl. guests)","https://www.cim.be/nl/televisie (tab Dagelijkse top 20, regio Noord, every day in period)"
2017,2017-01-01,2017-12-31,"same-day (Live+VOSDAL), as cached",All channels (context),363,363,1081345,1163531,466829,20.0,9335303,"own calculation from CIM daily Top 20 (North, 4+ incl. guests)","https://www.cim.be/nl/televisie (tab Dagelijkse top 20, regio Noord, every day in period)"
2018,2018-01-01,2018-12-31,"same-day (Live+VOSDAL), as cached",All channels (context),365,365,1032539,1051718,446388,20.0,8927751,"own calculation from CIM daily Top 20 (North, 4+ incl. guests)","https://www.cim.be/nl/televisie (tab Dagelijkse top 20, regio Noord, every day in period)"
2019,2019-01-01,2019-12-31,"same-day (Live+VOSDAL), as cached",All channels (context),363,363,1003130,1071916,441513,20.0,8830250,"own calculation from CIM daily Top 20 (North, 4+ incl. guests)","https://www.cim.be/nl/televisie (tab Dagelijkse top 20, regio Noord, every day in period)"
2020,2020-01-01,2020-12-31,"same-day (Live+VOSDAL), as cached",All channels (context),366,366,1120754,1133500,496503,20.0,9930064,"own calculation from CIM daily Top 20 (North, 4+ incl. guests)","https://www.cim.be/nl/televisie (tab Dagelijkse top 20, regio Noord, every day in period)"
2021,2021-01-01,2021-12-31,"same-day (Live+VOSDAL), as cached",All channels (context),365,365,1084846,1103873,457706,20.0,9154123,"own calculation from CIM daily Top 20 (North, 4+ incl. guests)","https://www.cim.be/nl/televisie (tab Dagelijkse top 20, regio Noord, every day in period)"
2022,2022-01-01,2022-12-31,"same-day (Live+VOSDAL), as cached",All channels (context),365,365,950279,942521,413575,20.0,8271491,"own calculation from CIM daily Top 20 (North, 4+ incl. guests)","https://www.cim.be/nl/televisie (tab Dagelijkse top 20, regio Noord, every day in period)"
2023 H1,2023-01-01,2023-06-30,"same-day (Live+VOSDAL), as cached",All channels (context),181,181,970605,978292,401714,20.0,8034270,"own calculation from CIM daily Top 20 (North, 4+ incl. guests)","https://www.cim.be/nl/televisie (tab Dagelijkse top 20, regio Noord, every day in period)"
2023 H2,2023-07-01,2023-12-31,"consolidated (Live+7; Live+28 incl. online from 1 Jul 2024), as cached",All channels (context),184,184,946747,1004680,419407,20.0,8388140,"own calculation from CIM daily Top 20 (North, 4+ incl. guests)","https://www.cim.be/nl/televisie (tab Dagelijkse top 20, regio Noord, every day in period)"
2024,2024-01-01,2024-12-31,"consolidated (Live+7; Live+28 incl. online from 1 Jul 2024), as cached",All channels (context),366,366,1011034,1021668,418864,20.0,8377277,"own calculation from CIM daily Top 20 (North, 4+ incl. guests)","https://www.cim.be/nl/televisie (tab Dagelijkse top 20, regio Noord, every day in period)"
2025,2025-01-01,2025-12-31,"consolidated (Live+7; Live+28 incl. online from 1 Jul 2024), as cached",All channels (context),365,365,948548,983988,406750,20.0,8135005,"own calculation from CIM daily Top 20 (North, 4+ incl. guests)","https://www.cim.be/nl/televisie (tab Dagelijkse top 20, regio Noord, every day in period)"
2026,2026-01-01,2026-10-01,"consolidated (Live+7; Live+28 incl. online from 1 Jul 2024), as cached",All channels (context),271,271,844634,853248,356932,20.0,7138639,"own calculation from CIM daily Top 20 (North, 4+ incl. guests)","https://www.cim.be/nl/televisie (tab Dagelijkse top 20, regio Noord, every day in period)"
