year,group,share_pct,method,source_url,notes
2018,DPG Media (VTM family),31.13,own calculation: sum of CIM channel shares in group,"https://www.cim.be/nl/televisie (tab Marktaandelen, jaar 2018, regio Noord)",CIM lists channels covering 90.01% of viewing in 2018; 'Other' = listed non-group channels only
2018,Other,9.16,own calculation: sum of CIM channel shares in group,"https://www.cim.be/nl/televisie (tab Marktaandelen, jaar 2018, regio Noord)",CIM lists channels covering 90.01% of viewing in 2018; 'Other' = listed non-group channels only
2018,Play Media (SBS/Play family),12.39,own calculation: sum of CIM channel shares in group,"https://www.cim.be/nl/televisie (tab Marktaandelen, jaar 2018, regio Noord)",CIM lists channels covering 90.01% of viewing in 2018; 'Other' = listed non-group channels only
2018,VRT,37.33,own calculation: sum of CIM channel shares in group,"https://www.cim.be/nl/televisie (tab Marktaandelen, jaar 2018, regio Noord)",CIM lists channels covering 90.01% of viewing in 2018; 'Other' = listed non-group channels only
2019,DPG Media (VTM family),30.84,own calculation: sum of CIM channel shares in group,"https://www.cim.be/nl/televisie (tab Marktaandelen, jaar 2019, regio Noord)",CIM lists channels covering 88.21% of viewing in 2019; 'Other' = listed non-group channels only
2019,Other,8.12,own calculation: sum of CIM channel shares in group,"https://www.cim.be/nl/televisie (tab Marktaandelen, jaar 2019, regio Noord)",CIM lists channels covering 88.21% of viewing in 2019; 'Other' = listed non-group channels only
2019,Play Media (SBS/Play family),12.69,own calculation: sum of CIM channel shares in group,"https://www.cim.be/nl/televisie (tab Marktaandelen, jaar 2019, regio Noord)",CIM lists channels covering 88.21% of viewing in 2019; 'Other' = listed non-group channels only
2019,VRT,36.56,own calculation: sum of CIM channel shares in group,"https://www.cim.be/nl/televisie (tab Marktaandelen, jaar 2019, regio Noord)",CIM lists channels covering 88.21% of viewing in 2019; 'Other' = listed non-group channels only
2020,DPG Media (VTM family),30.33,own calculation: sum of CIM channel shares in group,"https://www.cim.be/nl/televisie (tab Marktaandelen, jaar 2020, regio Noord)",CIM lists channels covering 89.94% of viewing in 2020; 'Other' = listed non-group channels only
2020,Other,9.64,own calculation: sum of CIM channel shares in group,"https://www.cim.be/nl/televisie (tab Marktaandelen, jaar 2020, regio Noord)",CIM lists channels covering 89.94% of viewing in 2020; 'Other' = listed non-group channels only
2020,Play Media (SBS/Play family),12.42,own calculation: sum of CIM channel shares in group,"https://www.cim.be/nl/televisie (tab Marktaandelen, jaar 2020, regio Noord)",CIM lists channels covering 89.94% of viewing in 2020; 'Other' = listed non-group channels only
2020,VRT,37.55,own calculation: sum of CIM channel shares in group,"https://www.cim.be/nl/televisie (tab Marktaandelen, jaar 2020, regio Noord)",CIM lists channels covering 89.94% of viewing in 2020; 'Other' = listed non-group channels only
2021,DPG Media (VTM family),27.71,own calculation: sum of CIM channel shares in group,"https://www.cim.be/nl/televisie (tab Marktaandelen, jaar 2021, regio Noord)",CIM lists channels covering 89.29% of viewing in 2021; 'Other' = listed non-group channels only
2021,Other,11.04,own calculation: sum of CIM channel shares in group,"https://www.cim.be/nl/televisie (tab Marktaandelen, jaar 2021, regio Noord)",CIM lists channels covering 89.29% of viewing in 2021; 'Other' = listed non-group channels only
2021,Play Media (SBS/Play family),11.72,own calculation: sum of CIM channel shares in group,"https://www.cim.be/nl/televisie (tab Marktaandelen, jaar 2021, regio Noord)",CIM lists channels covering 89.29% of viewing in 2021; 'Other' = listed non-group channels only
2021,VRT,38.82,own calculation: sum of CIM channel shares in group,"https://www.cim.be/nl/televisie (tab Marktaandelen, jaar 2021, regio Noord)",CIM lists channels covering 89.29% of viewing in 2021; 'Other' = listed non-group channels only
2022,DPG Media (VTM family),27.96,own calculation: sum of CIM channel shares in group,"https://www.cim.be/nl/televisie (tab Marktaandelen, jaar 2022, regio Noord)",CIM lists channels covering 90.93% of viewing in 2022; 'Other' = listed non-group channels only
2022,Other,12.22,own calculation: sum of CIM channel shares in group,"https://www.cim.be/nl/televisie (tab Marktaandelen, jaar 2022, regio Noord)",CIM lists channels covering 90.93% of viewing in 2022; 'Other' = listed non-group channels only
2022,Play Media (SBS/Play family),12.2,own calculation: sum of CIM channel shares in group,"https://www.cim.be/nl/televisie (tab Marktaandelen, jaar 2022, regio Noord)",CIM lists channels covering 90.93% of viewing in 2022; 'Other' = listed non-group channels only
2022,VRT,38.55,own calculation: sum of CIM channel shares in group,"https://www.cim.be/nl/televisie (tab Marktaandelen, jaar 2022, regio Noord)",CIM lists channels covering 90.93% of viewing in 2022; 'Other' = listed non-group channels only
2023,DPG Media (VTM family),27.96,own calculation: sum of CIM channel shares in group,"https://www.cim.be/nl/televisie (tab Marktaandelen, jaar 2023, regio Noord)",CIM lists channels covering 89.79% of viewing in 2023; 'Other' = listed non-group channels only
2023,Other,10.98,own calculation: sum of CIM channel shares in group,"https://www.cim.be/nl/televisie (tab Marktaandelen, jaar 2023, regio Noord)",CIM lists channels covering 89.79% of viewing in 2023; 'Other' = listed non-group channels only
2023,Play Media (SBS/Play family),13.34,own calculation: sum of CIM channel shares in group,"https://www.cim.be/nl/televisie (tab Marktaandelen, jaar 2023, regio Noord)",CIM lists channels covering 89.79% of viewing in 2023; 'Other' = listed non-group channels only
2023,VRT,37.51,own calculation: sum of CIM channel shares in group,"https://www.cim.be/nl/televisie (tab Marktaandelen, jaar 2023, regio Noord)",CIM lists channels covering 89.79% of viewing in 2023; 'Other' = listed non-group channels only
2024,DPG Media (VTM family),28.06,own calculation: sum of CIM channel shares in group,"https://www.cim.be/nl/televisie (tab Marktaandelen, jaar 2024, regio Noord)",CIM lists channels covering 93.26% of viewing in 2024; 'Other' = listed non-group channels only
2024,Other,12.64,own calculation: sum of CIM channel shares in group,"https://www.cim.be/nl/televisie (tab Marktaandelen, jaar 2024, regio Noord)",CIM lists channels covering 93.26% of viewing in 2024; 'Other' = listed non-group channels only
2024,Play Media (SBS/Play family),14.51,own calculation: sum of CIM channel shares in group,"https://www.cim.be/nl/televisie (tab Marktaandelen, jaar 2024, regio Noord)",CIM lists channels covering 93.26% of viewing in 2024; 'Other' = listed non-group channels only
2024,VRT,38.05,own calculation: sum of CIM channel shares in group,"https://www.cim.be/nl/televisie (tab Marktaandelen, jaar 2024, regio Noord)",CIM lists channels covering 93.26% of viewing in 2024; 'Other' = listed non-group channels only
2025,DPG Media (VTM family),29.07,own calculation: sum of CIM channel shares in group,"https://www.cim.be/nl/televisie (tab Marktaandelen, jaar 2025, regio Noord)",CIM lists channels covering 92.90% of viewing in 2025; 'Other' = listed non-group channels only
2025,Other,13.11,own calculation: sum of CIM channel shares in group,"https://www.cim.be/nl/televisie (tab Marktaandelen, jaar 2025, regio Noord)",CIM lists channels covering 92.90% of viewing in 2025; 'Other' = listed non-group channels only
2025,Play Media (SBS/Play family),14.0,own calculation: sum of CIM channel shares in group,"https://www.cim.be/nl/televisie (tab Marktaandelen, jaar 2025, regio Noord)",CIM lists channels covering 92.90% of viewing in 2025; 'Other' = listed non-group channels only
2025,VRT,36.72,own calculation: sum of CIM channel shares in group,"https://www.cim.be/nl/televisie (tab Marktaandelen, jaar 2025, regio Noord)",CIM lists channels covering 92.90% of viewing in 2025; 'Other' = listed non-group channels only
