period,cim_value_basis,channel,days,days_channel_in_top20,top20_entries,avg_top20_entries_per_day,avg_viewers_per_top20_entry,avg_viewers_biggest_programme_of_day,method,source_url
2016,"same-day (Live+VOSDAL), as cached",Canvas / VRT Canvas,91,64,102,1.12,223056,233334,"own calculation from CIM daily Top 20 (North, 4+ incl. guests); averages only over the channel's own Top-20 entries","https://www.cim.be/nl/televisie (tab Dagelijkse top 20, regio Noord, every day in period)"
2016,"same-day (Live+VOSDAL), as cached",Een / VRT 1,91,91,925,10.16,635790,1171945,"own calculation from CIM daily Top 20 (North, 4+ incl. guests); averages only over the channel's own Top-20 entries","https://www.cim.be/nl/televisie (tab Dagelijkse top 20, regio Noord, every day in period)"
2016,"same-day (Live+VOSDAL), as cached",VIER / Play4 / PLAY (main channel),91,75,140,1.54,490933,669703,"own calculation from CIM daily Top 20 (North, 4+ incl. guests); averages only over the channel's own Top-20 entries","https://www.cim.be/nl/televisie (tab Dagelijkse top 20, regio Noord, every day in period)"
2016,"same-day (Live+VOSDAL), as cached",VTM (main channel),91,91,601,6.6,459012,718797,"own calculation from CIM daily Top 20 (North, 4+ incl. guests); averages only over the channel's own Top-20 entries","https://www.cim.be/nl/televisie (tab Dagelijkse top 20, regio Noord, every day in period)"
2017,"same-day (Live+VOSDAL), as cached",Canvas / VRT Canvas,363,284,526,1.45,230493,254517,"own calculation from CIM daily Top 20 (North, 4+ incl. guests); averages only over the channel's own Top-20 entries","https://www.cim.be/nl/televisie (tab Dagelijkse top 20, regio Noord, every day in period)"
2017,"same-day (Live+VOSDAL), as cached",Een / VRT 1,363,363,3544,9.76,584852,1082531,"own calculation from CIM daily Top 20 (North, 4+ incl. guests); averages only over the channel's own Top-20 entries","https://www.cim.be/nl/televisie (tab Dagelijkse top 20, regio Noord, every day in period)"
2017,"same-day (Live+VOSDAL), as cached",VIER / Play4 / PLAY (main channel),363,308,542,1.49,316670,368803,"own calculation from CIM daily Top 20 (North, 4+ incl. guests); averages only over the channel's own Top-20 entries","https://www.cim.be/nl/televisie (tab Dagelijkse top 20, regio Noord, every day in period)"
2017,"same-day (Live+VOSDAL), as cached",VTM (main channel),363,363,2361,6.5,406542,641906,"own calculation from CIM daily Top 20 (North, 4+ incl. guests); averages only over the channel's own Top-20 entries","https://www.cim.be/nl/televisie (tab Dagelijkse top 20, regio Noord, every day in period)"
2018,"same-day (Live+VOSDAL), as cached",Canvas / VRT Canvas,365,300,626,1.72,213997,236475,"own calculation from CIM daily Top 20 (North, 4+ incl. guests); averages only over the channel's own Top-20 entries","https://www.cim.be/nl/televisie (tab Dagelijkse top 20, regio Noord, every day in period)"
2018,"same-day (Live+VOSDAL), as cached",Een / VRT 1,365,364,3502,9.59,566317,1028079,"own calculation from CIM daily Top 20 (North, 4+ incl. guests); averages only over the channel's own Top-20 entries","https://www.cim.be/nl/televisie (tab Dagelijkse top 20, regio Noord, every day in period)"
2018,"same-day (Live+VOSDAL), as cached",Ketnet,365,1,1,0.0,198546,198546,"own calculation from CIM daily Top 20 (North, 4+ incl. guests); averages only over the channel's own Top-20 entries","https://www.cim.be/nl/televisie (tab Dagelijkse top 20, regio Noord, every day in period)"
2018,"same-day (Live+VOSDAL), as cached",VIER / Play4 / PLAY (main channel),365,305,561,1.54,301042,357527,"own calculation from CIM daily Top 20 (North, 4+ incl. guests); averages only over the channel's own Top-20 entries","https://www.cim.be/nl/televisie (tab Dagelijkse top 20, regio Noord, every day in period)"
2018,"same-day (Live+VOSDAL), as cached",VTM (main channel),365,364,2344,6.42,391053,636859,"own calculation from CIM daily Top 20 (North, 4+ incl. guests); averages only over the channel's own Top-20 entries","https://www.cim.be/nl/televisie (tab Dagelijkse top 20, regio Noord, every day in period)"
2019,"same-day (Live+VOSDAL), as cached",Canvas / VRT Canvas,363,295,562,1.55,215410,232489,"own calculation from CIM daily Top 20 (North, 4+ incl. guests); averages only over the channel's own Top-20 entries","https://www.cim.be/nl/televisie (tab Dagelijkse top 20, regio Noord, every day in period)"
2019,"same-day (Live+VOSDAL), as cached",Een / VRT 1,363,363,3623,9.98,538396,996875,"own calculation from CIM daily Top 20 (North, 4+ incl. guests); averages only over the channel's own Top-20 entries","https://www.cim.be/nl/televisie (tab Dagelijkse top 20, regio Noord, every day in period)"
2019,"same-day (Live+VOSDAL), as cached",VIER / Play4 / PLAY (main channel),363,314,598,1.65,326638,397129,"own calculation from CIM daily Top 20 (North, 4+ incl. guests); averages only over the channel's own Top-20 entries","https://www.cim.be/nl/televisie (tab Dagelijkse top 20, regio Noord, every day in period)"
2019,"same-day (Live+VOSDAL), as cached",VTM (main channel),363,363,2262,6.23,395312,633644,"own calculation from CIM daily Top 20 (North, 4+ incl. guests); averages only over the channel's own Top-20 entries","https://www.cim.be/nl/televisie (tab Dagelijkse top 20, regio Noord, every day in period)"
2020,"same-day (Live+VOSDAL), as cached",Canvas / VRT Canvas,366,331,628,1.72,253092,277260,"own calculation from CIM daily Top 20 (North, 4+ incl. guests); averages only over the channel's own Top-20 entries","https://www.cim.be/nl/televisie (tab Dagelijkse top 20, regio Noord, every day in period)"
2020,"same-day (Live+VOSDAL), as cached",Een / VRT 1,366,366,3605,9.85,609270,1113492,"own calculation from CIM daily Top 20 (North, 4+ incl. guests); averages only over the channel's own Top-20 entries","https://www.cim.be/nl/televisie (tab Dagelijkse top 20, regio Noord, every day in period)"
2020,"same-day (Live+VOSDAL), as cached",Ketnet,366,6,6,0.02,246199,246199,"own calculation from CIM daily Top 20 (North, 4+ incl. guests); averages only over the channel's own Top-20 entries","https://www.cim.be/nl/televisie (tab Dagelijkse top 20, regio Noord, every day in period)"
2020,"same-day (Live+VOSDAL), as cached",VIER / Play4 / PLAY (main channel),366,298,567,1.55,358533,434363,"own calculation from CIM daily Top 20 (North, 4+ incl. guests); averages only over the channel's own Top-20 entries","https://www.cim.be/nl/televisie (tab Dagelijkse top 20, regio Noord, every day in period)"
2020,"same-day (Live+VOSDAL), as cached",VTM (main channel),366,366,2354,6.43,442597,732067,"own calculation from CIM daily Top 20 (North, 4+ incl. guests); averages only over the channel's own Top-20 entries","https://www.cim.be/nl/televisie (tab Dagelijkse top 20, regio Noord, every day in period)"
2021,"same-day (Live+VOSDAL), as cached",Canvas / VRT Canvas,365,304,551,1.51,217448,239732,"own calculation from CIM daily Top 20 (North, 4+ incl. guests); averages only over the channel's own Top-20 entries","https://www.cim.be/nl/televisie (tab Dagelijkse top 20, regio Noord, every day in period)"
2021,"same-day (Live+VOSDAL), as cached",Een / VRT 1,365,365,3805,10.42,566181,1078961,"own calculation from CIM daily Top 20 (North, 4+ incl. guests); averages only over the channel's own Top-20 entries","https://www.cim.be/nl/televisie (tab Dagelijkse top 20, regio Noord, every day in period)"
2021,"same-day (Live+VOSDAL), as cached",Ketnet,365,3,3,0.01,148065,148065,"own calculation from CIM daily Top 20 (North, 4+ incl. guests); averages only over the channel's own Top-20 entries","https://www.cim.be/nl/televisie (tab Dagelijkse top 20, regio Noord, every day in period)"
2021,"same-day (Live+VOSDAL), as cached",VIER / Play4 / PLAY (main channel),365,280,505,1.38,347081,401551,"own calculation from CIM daily Top 20 (North, 4+ incl. guests); averages only over the channel's own Top-20 entries","https://www.cim.be/nl/televisie (tab Dagelijkse top 20, regio Noord, every day in period)"
2021,"same-day (Live+VOSDAL), as cached",VTM (main channel),365,365,2203,6.04,384960,653968,"own calculation from CIM daily Top 20 (North, 4+ incl. guests); averages only over the channel's own Top-20 entries","https://www.cim.be/nl/televisie (tab Dagelijkse top 20, regio Noord, every day in period)"
2022,"same-day (Live+VOSDAL), as cached",Canvas / VRT Canvas,365,305,533,1.46,208022,229960,"own calculation from CIM daily Top 20 (North, 4+ incl. guests); averages only over the channel's own Top-20 entries","https://www.cim.be/nl/televisie (tab Dagelijkse top 20, regio Noord, every day in period)"
2022,"same-day (Live+VOSDAL), as cached",Een / VRT 1,365,365,3895,10.67,502601,935571,"own calculation from CIM daily Top 20 (North, 4+ incl. guests); averages only over the channel's own Top-20 entries","https://www.cim.be/nl/televisie (tab Dagelijkse top 20, regio Noord, every day in period)"
2022,"same-day (Live+VOSDAL), as cached",Ketnet,365,1,1,0.0,142169,142169,"own calculation from CIM daily Top 20 (North, 4+ incl. guests); averages only over the channel's own Top-20 entries","https://www.cim.be/nl/televisie (tab Dagelijkse top 20, regio Noord, every day in period)"
2022,"same-day (Live+VOSDAL), as cached",VIER / Play4 / PLAY (main channel),365,268,425,1.16,294415,348576,"own calculation from CIM daily Top 20 (North, 4+ incl. guests); averages only over the channel's own Top-20 entries","https://www.cim.be/nl/televisie (tab Dagelijkse top 20, regio Noord, every day in period)"
2022,"same-day (Live+VOSDAL), as cached",VTM (main channel),365,365,2281,6.25,348746,630170,"own calculation from CIM daily Top 20 (North, 4+ incl. guests); averages only over the channel's own Top-20 entries","https://www.cim.be/nl/televisie (tab Dagelijkse top 20, regio Noord, every day in period)"
2023 H1,"same-day (Live+VOSDAL), as cached",Canvas / VRT Canvas,181,158,313,1.73,187125,209282,"own calculation from CIM daily Top 20 (North, 4+ incl. guests); averages only over the channel's own Top-20 entries","https://www.cim.be/nl/televisie (tab Dagelijkse top 20, regio Noord, every day in period)"
2023 H1,"same-day (Live+VOSDAL), as cached",Een / VRT 1,181,181,1866,10.31,503010,942152,"own calculation from CIM daily Top 20 (North, 4+ incl. guests); averages only over the channel's own Top-20 entries","https://www.cim.be/nl/televisie (tab Dagelijkse top 20, regio Noord, every day in period)"
2023 H1,"same-day (Live+VOSDAL), as cached",VIER / Play4 / PLAY (main channel),181,152,291,1.61,241965,301672,"own calculation from CIM daily Top 20 (North, 4+ incl. guests); averages only over the channel's own Top-20 entries","https://www.cim.be/nl/televisie (tab Dagelijkse top 20, regio Noord, every day in period)"
2023 H1,"same-day (Live+VOSDAL), as cached",VTM (main channel),181,181,1067,5.9,349150,630118,"own calculation from CIM daily Top 20 (North, 4+ incl. guests); averages only over the channel's own Top-20 entries","https://www.cim.be/nl/televisie (tab Dagelijkse top 20, regio Noord, every day in period)"
2023 H2,"consolidated (Live+7; Live+28 incl. online from 1 Jul 2024), as cached",Canvas / VRT Canvas,184,138,239,1.3,204275,226552,"own calculation from CIM daily Top 20 (North, 4+ incl. guests); averages only over the channel's own Top-20 entries","https://www.cim.be/nl/televisie (tab Dagelijkse top 20, regio Noord, every day in period)"
2023 H2,"consolidated (Live+7; Live+28 incl. online from 1 Jul 2024), as cached",Een / VRT 1,184,184,1873,10.18,497396,944102,"own calculation from CIM daily Top 20 (North, 4+ incl. guests); averages only over the channel's own Top-20 entries","https://www.cim.be/nl/televisie (tab Dagelijkse top 20, regio Noord, every day in period)"
2023 H2,"consolidated (Live+7; Live+28 incl. online from 1 Jul 2024), as cached",Ketnet,184,1,1,0.01,150833,150833,"own calculation from CIM daily Top 20 (North, 4+ incl. guests); averages only over the channel's own Top-20 entries","https://www.cim.be/nl/televisie (tab Dagelijkse top 20, regio Noord, every day in period)"
2023 H2,"consolidated (Live+7; Live+28 incl. online from 1 Jul 2024), as cached",VIER / Play4 / PLAY (main channel),184,162,306,1.66,358170,475126,"own calculation from CIM daily Top 20 (North, 4+ incl. guests); averages only over the channel's own Top-20 entries","https://www.cim.be/nl/televisie (tab Dagelijkse top 20, regio Noord, every day in period)"
2023 H2,"consolidated (Live+7; Live+28 incl. online from 1 Jul 2024), as cached",VTM (main channel),184,184,1169,6.35,372685,637740,"own calculation from CIM daily Top 20 (North, 4+ incl. guests); averages only over the channel's own Top-20 entries","https://www.cim.be/nl/televisie (tab Dagelijkse top 20, regio Noord, every day in period)"
2024,"consolidated (Live+7; Live+28 incl. online from 1 Jul 2024), as cached",Canvas / VRT Canvas,366,293,532,1.45,211733,238601,"own calculation from CIM daily Top 20 (North, 4+ incl. guests); averages only over the channel's own Top-20 entries","https://www.cim.be/nl/televisie (tab Dagelijkse top 20, regio Noord, every day in period)"
2024,"consolidated (Live+7; Live+28 incl. online from 1 Jul 2024), as cached",Een / VRT 1,366,366,3671,10.03,500357,980450,"own calculation from CIM daily Top 20 (North, 4+ incl. guests); averages only over the channel's own Top-20 entries","https://www.cim.be/nl/televisie (tab Dagelijkse top 20, regio Noord, every day in period)"
2024,"consolidated (Live+7; Live+28 incl. online from 1 Jul 2024), as cached",Ketnet,366,4,4,0.01,148505,148505,"own calculation from CIM daily Top 20 (North, 4+ incl. guests); averages only over the channel's own Top-20 entries","https://www.cim.be/nl/televisie (tab Dagelijkse top 20, regio Noord, every day in period)"
2024,"consolidated (Live+7; Live+28 incl. online from 1 Jul 2024), as cached",VIER / Play4 / PLAY (main channel),366,336,717,1.96,338143,456637,"own calculation from CIM daily Top 20 (North, 4+ incl. guests); averages only over the channel's own Top-20 entries","https://www.cim.be/nl/televisie (tab Dagelijkse top 20, regio Noord, every day in period)"
2024,"consolidated (Live+7; Live+28 incl. online from 1 Jul 2024), as cached",VTM (main channel),366,366,2184,5.97,381318,640287,"own calculation from CIM daily Top 20 (North, 4+ incl. guests); averages only over the channel's own Top-20 entries","https://www.cim.be/nl/televisie (tab Dagelijkse top 20, regio Noord, every day in period)"
2025,"consolidated (Live+7; Live+28 incl. online from 1 Jul 2024), as cached",Canvas / VRT Canvas,365,329,572,1.57,221082,241356,"own calculation from CIM daily Top 20 (North, 4+ incl. guests); averages only over the channel's own Top-20 entries","https://www.cim.be/nl/televisie (tab Dagelijkse top 20, regio Noord, every day in period)"
2025,"consolidated (Live+7; Live+28 incl. online from 1 Jul 2024), as cached",Een / VRT 1,365,365,3819,10.46,464198,908950,"own calculation from CIM daily Top 20 (North, 4+ incl. guests); averages only over the channel's own Top-20 entries","https://www.cim.be/nl/televisie (tab Dagelijkse top 20, regio Noord, every day in period)"
2025,"consolidated (Live+7; Live+28 incl. online from 1 Jul 2024), as cached",Ketnet,365,14,14,0.04,270488,270488,"own calculation from CIM daily Top 20 (North, 4+ incl. guests); averages only over the channel's own Top-20 entries","https://www.cim.be/nl/televisie (tab Dagelijkse top 20, regio Noord, every day in period)"
2025,"consolidated (Live+7; Live+28 incl. online from 1 Jul 2024), as cached",VIER / Play4 / PLAY (main channel),365,318,603,1.65,346345,454382,"own calculation from CIM daily Top 20 (North, 4+ incl. guests); averages only over the channel's own Top-20 entries","https://www.cim.be/nl/televisie (tab Dagelijkse top 20, regio Noord, every day in period)"
2025,"consolidated (Live+7; Live+28 incl. online from 1 Jul 2024), as cached",VTM (main channel),365,365,2000,5.48,399856,627328,"own calculation from CIM daily Top 20 (North, 4+ incl. guests); averages only over the channel's own Top-20 entries","https://www.cim.be/nl/televisie (tab Dagelijkse top 20, regio Noord, every day in period)"
2026,"consolidated (Live+7; Live+28 incl. online from 1 Jul 2024), as cached",Canvas / VRT Canvas,271,245,458,1.69,200072,226915,"own calculation from CIM daily Top 20 (North, 4+ incl. guests); averages only over the channel's own Top-20 entries","https://www.cim.be/nl/televisie (tab Dagelijkse top 20, regio Noord, every day in period)"
2026,"consolidated (Live+7; Live+28 incl. online from 1 Jul 2024), as cached",Een / VRT 1,271,271,2790,10.3,421419,837864,"own calculation from CIM daily Top 20 (North, 4+ incl. guests); averages only over the channel's own Top-20 entries","https://www.cim.be/nl/televisie (tab Dagelijkse top 20, regio Noord, every day in period)"
2026,"consolidated (Live+7; Live+28 incl. online from 1 Jul 2024), as cached",Ketnet,271,7,7,0.03,170321,170321,"own calculation from CIM daily Top 20 (North, 4+ incl. guests); averages only over the channel's own Top-20 entries","https://www.cim.be/nl/televisie (tab Dagelijkse top 20, regio Noord, every day in period)"
2026,"consolidated (Live+7; Live+28 incl. online from 1 Jul 2024), as cached",VIER / Play4 / PLAY (main channel),271,205,383,1.41,270082,311888,"own calculation from CIM daily Top 20 (North, 4+ incl. guests); averages only over the channel's own Top-20 entries","https://www.cim.be/nl/televisie (tab Dagelijkse top 20, regio Noord, every day in period)"
2026,"consolidated (Live+7; Live+28 incl. online from 1 Jul 2024), as cached",VTM (main channel),271,271,1559,5.75,338820,550733,"own calculation from CIM daily Top 20 (North, 4+ incl. guests); averages only over the channel's own Top-20 entries","https://www.cim.be/nl/televisie (tab Dagelijkse top 20, regio Noord, every day in period)"
