year,rank,programme,genre_cim,channel,group,broadcast_date,viewers,source,source_url
2018,1,VB. WK. 1/2F - FRANKRIJK/BELGIE,sport / football,EEN,VRT,10/07/2018,2502400,"CIM TV yearly Top 100 (region North, 4+); published in thousands","https://www.cim.be/nl/televisie (tab Top 100 jaar, jaar 2018, regio Noord)"
2018,2,VB. WK. 1/4F - BRAZILIE/BELGIE,sport / football,EEN,VRT,06/07/2018,2251500,"CIM TV yearly Top 100 (region North, 4+); published in thousands","https://www.cim.be/nl/televisie (tab Top 100 jaar, jaar 2018, regio Noord)"
2018,3,VB. WK. 1/8F - BELGIE/JAPAN,sport / football,EEN,VRT,02/07/2018,2210300,"CIM TV yearly Top 100 (region North, 4+); published in thousands","https://www.cim.be/nl/televisie (tab Top 100 jaar, jaar 2018, regio Noord)"
2018,4,VB. WK. SCHIFT. - BELGIE/PANAMA,sport / football,EEN,VRT,18/06/2018,2077900,"CIM TV yearly Top 100 (region North, 4+); published in thousands","https://www.cim.be/nl/televisie (tab Top 100 jaar, jaar 2018, regio Noord)"
2018,5,VB. WK. SCHIFT. - ENGELAND/BELGIE,sport / football,EEN,VRT,28/06/2018,2023200,"CIM TV yearly Top 100 (region North, 4+); published in thousands","https://www.cim.be/nl/televisie (tab Top 100 jaar, jaar 2018, regio Noord)"
2019,1,EIGEN KWEEK,fiction / psychologic  drama/melodrama,EEN,VRT,05/02/2019,1880000,"CIM TV yearly Top 100 (region North, 4+); published in thousands","https://www.cim.be/nl/televisie (tab Top 100 jaar, jaar 2019, regio Noord)"
2019,2,REIZEN WAES EUROPA,lifestyle / travel/tourism,EEN,VRT,20/01/2019,1863300,"CIM TV yearly Top 100 (region North, 4+); published in thousands","https://www.cim.be/nl/televisie (tab Top 100 jaar, jaar 2019, regio Noord)"
2019,3,KAMP WAES,knowledge / human interest/society,EEN,VRT,22/12/2019,1785400,"CIM TV yearly Top 100 (region North, 4+); published in thousands","https://www.cim.be/nl/televisie (tab Top 100 jaar, jaar 2019, regio Noord)"
2019,4,DE TWAALF,fiction / psychologic  drama/melodrama,EEN,VRT,03/11/2019,1575700,"CIM TV yearly Top 100 (region North, 4+); published in thousands","https://www.cim.be/nl/televisie (tab Top 100 jaar, jaar 2019, regio Noord)"
2019,5,DE SLIMSTE MENS TER WERELD,entertainment / game,VIER,Play Media (SBS/Play family),19/12/2019,1513400,"CIM TV yearly Top 100 (region North, 4+); published in thousands","https://www.cim.be/nl/televisie (tab Top 100 jaar, jaar 2019, regio Noord)"
2020,1,FC DE KAMPIOENEN - KERSTSPECIAL,fiction / popular drama/comedy,EEN,VRT,25/12/2020,2382900,"CIM TV yearly Top 100 (region North, 4+); published in thousands","https://www.cim.be/nl/televisie (tab Top 100 jaar, jaar 2020, regio Noord)"
2020,2,THE MASKED SINGER,entertainment / music,VTM,DPG Media (VTM family),06/11/2020,2048900,"CIM TV yearly Top 100 (region North, 4+); published in thousands","https://www.cim.be/nl/televisie (tab Top 100 jaar, jaar 2020, regio Noord)"
2020,3,HET 7 UUR-JOURNAAL,information / general news,EEN,VRT,30/11/2020,2030600,"CIM TV yearly Top 100 (region North, 4+); published in thousands","https://www.cim.be/nl/televisie (tab Top 100 jaar, jaar 2020, regio Noord)"
2020,4,KAMP WAES,knowledge / human interest/society,EEN,VRT,12/01/2020,2004000,"CIM TV yearly Top 100 (region North, 4+); published in thousands","https://www.cim.be/nl/televisie (tab Top 100 jaar, jaar 2020, regio Noord)"
2020,5,DE SLIMSTE MENS TER WERELD,entertainment / game,VIER,Play Media (SBS/Play family),17/12/2020,1879900,"CIM TV yearly Top 100 (region North, 4+); published in thousands","https://www.cim.be/nl/televisie (tab Top 100 jaar, jaar 2020, regio Noord)"
2021,1,VB. EK. 1/8F - BELGIE/PORTUGAL,sport / football,EEN,VRT,27/06/2021,2397200,"CIM TV yearly Top 100 (region North, 4+); published in thousands","https://www.cim.be/nl/televisie (tab Top 100 jaar, jaar 2021, regio Noord)"
2021,2,VB. EK. SCHIFT - FINLAND/BELGIE,sport / football,EEN,VRT,21/06/2021,2138400,"CIM TV yearly Top 100 (region North, 4+); published in thousands","https://www.cim.be/nl/televisie (tab Top 100 jaar, jaar 2021, regio Noord)"
2021,3,VB. EK. 1/4F - BELGIE/ITALIE,sport / football,EEN,VRT,02/07/2021,2126200,"CIM TV yearly Top 100 (region North, 4+); published in thousands","https://www.cim.be/nl/televisie (tab Top 100 jaar, jaar 2021, regio Noord)"
2021,4,"REIZEN WAES, VLAANDEREN",lifestyle / travel/tourism,EEN,VRT,07/02/2021,1891800,"CIM TV yearly Top 100 (region North, 4+); published in thousands","https://www.cim.be/nl/televisie (tab Top 100 jaar, jaar 2021, regio Noord)"
2021,5,VB. EK. SCHIFT - DENEMARKEN/BELGIE,sport / football,EEN,VRT,17/06/2021,1815700,"CIM TV yearly Top 100 (region North, 4+); published in thousands","https://www.cim.be/nl/televisie (tab Top 100 jaar, jaar 2021, regio Noord)"
2022,1,THE MASKED SINGER,entertainment / music,VTM,DPG Media (VTM family),28/01/2022,1905300,"CIM TV yearly Top 100 (region North, 4+); published in thousands","https://www.cim.be/nl/televisie (tab Top 100 jaar, jaar 2022, regio Noord)"
2022,2,VB. WK. SCHIFT. - BELGIE/CANADA,sport / football,EEN,VRT,23/11/2022,1893700,"CIM TV yearly Top 100 (region North, 4+); published in thousands","https://www.cim.be/nl/televisie (tab Top 100 jaar, jaar 2022, regio Noord)"
2022,3,TABOE,knowledge / human interest/society,EEN,VRT,09/01/2022,1767700,"CIM TV yearly Top 100 (region North, 4+); published in thousands","https://www.cim.be/nl/televisie (tab Top 100 jaar, jaar 2022, regio Noord)"
2022,4,VB. WK. SCHIFT. - BELGIE/MAROKKO,sport / football,EEN,VRT,27/11/2022,1764100,"CIM TV yearly Top 100 (region North, 4+); published in thousands","https://www.cim.be/nl/televisie (tab Top 100 jaar, jaar 2022, regio Noord)"
2022,5,VB. WK. FIN - ARGENTINIE/FRANKRIJK,sport / football,EEN,VRT,18/12/2022,1680800,"CIM TV yearly Top 100 (region North, 4+); published in thousands","https://www.cim.be/nl/televisie (tab Top 100 jaar, jaar 2022, regio Noord)"
2023,1,THE MASKED SINGER,entertainment/music,VTM,DPG Media (VTM family),03/02/2023,1837500,"CIM TV yearly Top 100 (region North, 4+); published in thousands","https://www.cim.be/nl/televisie (tab Top 100 jaar, jaar 2023, regio Noord)"
2023,2,HET VERHAAL VAN VLAANDEREN,knowledge/human interest/society,VRT 1,VRT,22/01/2023,1729700,"CIM TV yearly Top 100 (region North, 4+); published in thousands","https://www.cim.be/nl/televisie (tab Top 100 jaar, jaar 2023, regio Noord)"
2023,3,DANK WEERMAN FRANK,knowledge/human interest/society,VRT 1,VRT,20/03/2023,1560800,"CIM TV yearly Top 100 (region North, 4+); published in thousands","https://www.cim.be/nl/televisie (tab Top 100 jaar, jaar 2023, regio Noord)"
2023,4,KASTAARS!,entertainment/variety,VRT 1/VTM/PLAY4,Joint simulcast (several groups),28/01/2023,1488800,"CIM TV yearly Top 100 (region North, 4+); published in thousands","https://www.cim.be/nl/televisie (tab Top 100 jaar, jaar 2023, regio Noord)"
2023,5,DE MOL,entertainment/game,PLAY4,Play Media (SBS/Play family),07/05/2023,1438700,"CIM TV yearly Top 100 (region North, 4+); published in thousands","https://www.cim.be/nl/televisie (tab Top 100 jaar, jaar 2023, regio Noord)"
2024,1,KAMP WAES,knowledge/human interest/society,VRT 1,VRT,03/03/2024,1953500,"CIM TV yearly Top 100 (region North, 4+); published in thousands","https://www.cim.be/nl/televisie (tab Top 100 jaar, jaar 2024, regio Noord)"
2024,2,VB. EK. 1/8F - FRANKRIJK/BELGIE,sport/football,VRT 1,VRT,01/07/2024,1911100,"CIM TV yearly Top 100 (region North, 4+); published in thousands","https://www.cim.be/nl/televisie (tab Top 100 jaar, jaar 2024, regio Noord)"
2024,3,VB. EK. SCHIFT - BELGIE/ROEMENIE,sport/football,VRT 1,VRT,22/06/2024,1730400,"CIM TV yearly Top 100 (region North, 4+); published in thousands","https://www.cim.be/nl/televisie (tab Top 100 jaar, jaar 2024, regio Noord)"
2024,4,VB. EK. SCHIFT - BELGIE/SLOVAKIJE,sport/football,VRT 1,VRT,17/06/2024,1684200,"CIM TV yearly Top 100 (region North, 4+); published in thousands","https://www.cim.be/nl/televisie (tab Top 100 jaar, jaar 2024, regio Noord)"
2024,5,CHANTAL,fiction/popular drama/comedy,VRT 1,VRT,04/02/2024,1635000,"CIM TV yearly Top 100 (region North, 4+); published in thousands","https://www.cim.be/nl/televisie (tab Top 100 jaar, jaar 2024, regio Noord)"
2025,1,DE MOL,entertainment/game,PLAY,Play Media (SBS/Play family),23/03/2025,1439000,"CIM TV yearly Top 100 (region North, 4+); published in thousands","https://www.cim.be/nl/televisie (tab Top 100 jaar, jaar 2025, regio Noord)"
2025,2,THE MASKED SINGER,entertainment/music,VTM,DPG Media (VTM family),17/10/2025,1402100,"CIM TV yearly Top 100 (region North, 4+); published in thousands","https://www.cim.be/nl/televisie (tab Top 100 jaar, jaar 2025, regio Noord)"
2025,3,DE SLIMSTE MENS TER WERELD,entertainment/game,PLAY,Play Media (SBS/Play family),18/12/2025,1344000,"CIM TV yearly Top 100 (region North, 4+); published in thousands","https://www.cim.be/nl/televisie (tab Top 100 jaar, jaar 2025, regio Noord)"
2025,4,TABOE,knowledge/human interest/society,VRT 1,VRT,23/02/2025,1343500,"CIM TV yearly Top 100 (region North, 4+); published in thousands","https://www.cim.be/nl/televisie (tab Top 100 jaar, jaar 2025, regio Noord)"
2025,5,DE COLUMBUS,knowledge/humanities/history,VRT 1,VRT,19/01/2025,1331500,"CIM TV yearly Top 100 (region North, 4+); published in thousands","https://www.cim.be/nl/televisie (tab Top 100 jaar, jaar 2025, regio Noord)"
