year,group,entries_in_top100,avg_viewers_top10_entries,best_entry_viewers,best_entry_programme,best_entry_channel,best_entry_date,avg_viewers_all_top100_entries_of_group,cim_value_basis,method,source_url
2018,All channels,100,1938630,2502400,VB. WK. 1/2F - FRANKRIJK/BELGIE,EEN,10/07/2018,1139710,CIM yearly Top 100: Live+7 incl. online (2018-H1 2024); Live+28 incl. online for broadcasts from 1 Jul 2024,"own calculation from CIM yearly Top 100 (North, 4+); top-10 = the group's 10 biggest entries in the list","https://www.cim.be/nl/televisie (tab Top 100 jaar, jaar 2018, regio Noord)"
2018,VRT,75,1938630,2502400,VB. WK. 1/2F - FRANKRIJK/BELGIE,EEN,10/07/2018,1170185,CIM yearly Top 100: Live+7 incl. online (2018-H1 2024); Live+28 incl. online for broadcasts from 1 Jul 2024,"own calculation from CIM yearly Top 100 (North, 4+); top-10 = the group's 10 biggest entries in the list","https://www.cim.be/nl/televisie (tab Top 100 jaar, jaar 2018, regio Noord)"
2018,DPG Media (VTM family),22,1172630,1441300,BLIND GETROUWD,VTM,12/03/2018,1028059,CIM yearly Top 100: Live+7 incl. online (2018-H1 2024); Live+28 incl. online for broadcasts from 1 Jul 2024,"own calculation from CIM yearly Top 100 (North, 4+); top-10 = the group's 10 biggest entries in the list","https://www.cim.be/nl/televisie (tab Top 100 jaar, jaar 2018, regio Noord)"
2018,Play Media (SBS/Play family),3,fewer than 10 entries,1392000,DE SLIMSTE MENS TER WERELD,VIER,20/12/2018,1196600,CIM yearly Top 100: Live+7 incl. online (2018-H1 2024); Live+28 incl. online for broadcasts from 1 Jul 2024,"own calculation from CIM yearly Top 100 (North, 4+); top-10 = the group's 10 biggest entries in the list","https://www.cim.be/nl/televisie (tab Top 100 jaar, jaar 2018, regio Noord)"
2019,All channels,100,1559460,1880000,EIGEN KWEEK,EEN,05/02/2019,1014721,CIM yearly Top 100: Live+7 incl. online (2018-H1 2024); Live+28 incl. online for broadcasts from 1 Jul 2024,"own calculation from CIM yearly Top 100 (North, 4+); top-10 = the group's 10 biggest entries in the list","https://www.cim.be/nl/televisie (tab Top 100 jaar, jaar 2019, regio Noord)"
2019,VRT,66,1518940,1880000,EIGEN KWEEK,EEN,05/02/2019,1023036,CIM yearly Top 100: Live+7 incl. online (2018-H1 2024); Live+28 incl. online for broadcasts from 1 Jul 2024,"own calculation from CIM yearly Top 100 (North, 4+); top-10 = the group's 10 biggest entries in the list","https://www.cim.be/nl/televisie (tab Top 100 jaar, jaar 2019, regio Noord)"
2019,DPG Media (VTM family),28,1182100,1363600,30 JAAR VTM,VTM,01/02/2019,993800,CIM yearly Top 100: Live+7 incl. online (2018-H1 2024); Live+28 incl. online for broadcasts from 1 Jul 2024,"own calculation from CIM yearly Top 100 (North, 4+); top-10 = the group's 10 biggest entries in the list","https://www.cim.be/nl/televisie (tab Top 100 jaar, jaar 2019, regio Noord)"
2019,Play Media (SBS/Play family),6,fewer than 10 entries,1513400,DE SLIMSTE MENS TER WERELD,VIER,19/12/2019,1020883,CIM yearly Top 100: Live+7 incl. online (2018-H1 2024); Live+28 incl. online for broadcasts from 1 Jul 2024,"own calculation from CIM yearly Top 100 (North, 4+); top-10 = the group's 10 biggest entries in the list","https://www.cim.be/nl/televisie (tab Top 100 jaar, jaar 2019, regio Noord)"
2020,All channels,100,1866870,2382900,FC DE KAMPIOENEN - KERSTSPECIAL,EEN,25/12/2020,1141207,CIM yearly Top 100: Live+7 incl. online (2018-H1 2024); Live+28 incl. online for broadcasts from 1 Jul 2024,"own calculation from CIM yearly Top 100 (North, 4+); top-10 = the group's 10 biggest entries in the list","https://www.cim.be/nl/televisie (tab Top 100 jaar, jaar 2020, regio Noord)"
2020,VRT,70,1785010,2382900,FC DE KAMPIOENEN - KERSTSPECIAL,EEN,25/12/2020,1169473,CIM yearly Top 100: Live+7 incl. online (2018-H1 2024); Live+28 incl. online for broadcasts from 1 Jul 2024,"own calculation from CIM yearly Top 100 (North, 4+); top-10 = the group's 10 biggest entries in the list","https://www.cim.be/nl/televisie (tab Top 100 jaar, jaar 2020, regio Noord)"
2020,DPG Media (VTM family),25,1275600,2048900,THE MASKED SINGER,VTM,06/11/2020,1042664,CIM yearly Top 100: Live+7 incl. online (2018-H1 2024); Live+28 incl. online for broadcasts from 1 Jul 2024,"own calculation from CIM yearly Top 100 (North, 4+); top-10 = the group's 10 biggest entries in the list","https://www.cim.be/nl/televisie (tab Top 100 jaar, jaar 2020, regio Noord)"
2020,Play Media (SBS/Play family),5,fewer than 10 entries,1879900,DE SLIMSTE MENS TER WERELD,VIER,17/12/2020,1238200,CIM yearly Top 100: Live+7 incl. online (2018-H1 2024); Live+28 incl. online for broadcasts from 1 Jul 2024,"own calculation from CIM yearly Top 100 (North, 4+); top-10 = the group's 10 biggest entries in the list","https://www.cim.be/nl/televisie (tab Top 100 jaar, jaar 2020, regio Noord)"
2021,All channels,100,1832040,2397200,VB. EK. 1/8F - BELGIE/PORTUGAL,EEN,27/06/2021,1148464,CIM yearly Top 100: Live+7 incl. online (2018-H1 2024); Live+28 incl. online for broadcasts from 1 Jul 2024,"own calculation from CIM yearly Top 100 (North, 4+); top-10 = the group's 10 biggest entries in the list","https://www.cim.be/nl/televisie (tab Top 100 jaar, jaar 2021, regio Noord)"
2021,VRT,77,1831400,2397200,VB. EK. 1/8F - BELGIE/PORTUGAL,EEN,27/06/2021,1168892,CIM yearly Top 100: Live+7 incl. online (2018-H1 2024); Live+28 incl. online for broadcasts from 1 Jul 2024,"own calculation from CIM yearly Top 100 (North, 4+); top-10 = the group's 10 biggest entries in the list","https://www.cim.be/nl/televisie (tab Top 100 jaar, jaar 2021, regio Noord)"
2021,DPG Media (VTM family),17,1128570,1259500,THE VOICE VAN VLAANDEREN - THE BLIND AUDITIONS,VTM,05/02/2021,1040241,CIM yearly Top 100: Live+7 incl. online (2018-H1 2024); Live+28 incl. online for broadcasts from 1 Jul 2024,"own calculation from CIM yearly Top 100 (North, 4+); top-10 = the group's 10 biggest entries in the list","https://www.cim.be/nl/televisie (tab Top 100 jaar, jaar 2021, regio Noord)"
2021,Play Media (SBS/Play family),6,fewer than 10 entries,1505600,DE MOL,PLAY4,09/05/2021,1192933,CIM yearly Top 100: Live+7 incl. online (2018-H1 2024); Live+28 incl. online for broadcasts from 1 Jul 2024,"own calculation from CIM yearly Top 100 (North, 4+); top-10 = the group's 10 biggest entries in the list","https://www.cim.be/nl/televisie (tab Top 100 jaar, jaar 2021, regio Noord)"
2022,All channels,100,1684820,1905300,THE MASKED SINGER,VTM,28/01/2022,1044243,CIM yearly Top 100: Live+7 incl. online (2018-H1 2024); Live+28 incl. online for broadcasts from 1 Jul 2024,"own calculation from CIM yearly Top 100 (North, 4+); top-10 = the group's 10 biggest entries in the list","https://www.cim.be/nl/televisie (tab Top 100 jaar, jaar 2022, regio Noord)"
2022,VRT,78,1636530,1893700,VB. WK. SCHIFT. - BELGIE/CANADA,EEN,23/11/2022,1055286,CIM yearly Top 100: Live+7 incl. online (2018-H1 2024); Live+28 incl. online for broadcasts from 1 Jul 2024,"own calculation from CIM yearly Top 100 (North, 4+); top-10 = the group's 10 biggest entries in the list","https://www.cim.be/nl/televisie (tab Top 100 jaar, jaar 2022, regio Noord)"
2022,DPG Media (VTM family),15,1065750,1905300,THE MASKED SINGER,VTM,28/01/2022,986427,CIM yearly Top 100: Live+7 incl. online (2018-H1 2024); Live+28 incl. online for broadcasts from 1 Jul 2024,"own calculation from CIM yearly Top 100 (North, 4+); top-10 = the group's 10 biggest entries in the list","https://www.cim.be/nl/televisie (tab Top 100 jaar, jaar 2022, regio Noord)"
2022,Play Media (SBS/Play family),6,fewer than 10 entries,1422800,DE MOL,PLAY4,27/03/2022,1035900,CIM yearly Top 100: Live+7 incl. online (2018-H1 2024); Live+28 incl. online for broadcasts from 1 Jul 2024,"own calculation from CIM yearly Top 100 (North, 4+); top-10 = the group's 10 biggest entries in the list","https://www.cim.be/nl/televisie (tab Top 100 jaar, jaar 2022, regio Noord)"
2023,All channels,100,1489880,1837500,THE MASKED SINGER,VTM,03/02/2023,949484,CIM yearly Top 100: Live+7 incl. online (2018-H1 2024); Live+28 incl. online for broadcasts from 1 Jul 2024,"own calculation from CIM yearly Top 100 (North, 4+); top-10 = the group's 10 biggest entries in the list","https://www.cim.be/nl/televisie (tab Top 100 jaar, jaar 2023, regio Noord)"
2023,VRT,66,1374570,1729700,HET VERHAAL VAN VLAANDEREN,VRT 1,22/01/2023,959436,CIM yearly Top 100: Live+7 incl. online (2018-H1 2024); Live+28 incl. online for broadcasts from 1 Jul 2024,"own calculation from CIM yearly Top 100 (North, 4+); top-10 = the group's 10 biggest entries in the list","https://www.cim.be/nl/televisie (tab Top 100 jaar, jaar 2023, regio Noord)"
2023,DPG Media (VTM family),25,1025870,1837500,THE MASKED SINGER,VTM,03/02/2023,879236,CIM yearly Top 100: Live+7 incl. online (2018-H1 2024); Live+28 incl. online for broadcasts from 1 Jul 2024,"own calculation from CIM yearly Top 100 (North, 4+); top-10 = the group's 10 biggest entries in the list","https://www.cim.be/nl/televisie (tab Top 100 jaar, jaar 2023, regio Noord)"
2023,Play Media (SBS/Play family),7,fewer than 10 entries,1438700,DE MOL,PLAY4,07/05/2023,994600,CIM yearly Top 100: Live+7 incl. online (2018-H1 2024); Live+28 incl. online for broadcasts from 1 Jul 2024,"own calculation from CIM yearly Top 100 (North, 4+); top-10 = the group's 10 biggest entries in the list","https://www.cim.be/nl/televisie (tab Top 100 jaar, jaar 2023, regio Noord)"
2024,All channels,100,1647360,1953500,KAMP WAES,VRT 1,03/03/2024,1015184,CIM yearly Top 100: Live+7 incl. online (2018-H1 2024); Live+28 incl. online for broadcasts from 1 Jul 2024,"own calculation from CIM yearly Top 100 (North, 4+); top-10 = the group's 10 biggest entries in the list","https://www.cim.be/nl/televisie (tab Top 100 jaar, jaar 2024, regio Noord)"
2024,VRT,79,1610220,1953500,KAMP WAES,VRT 1,03/03/2024,1026465,CIM yearly Top 100: Live+7 incl. online (2018-H1 2024); Live+28 incl. online for broadcasts from 1 Jul 2024,"own calculation from CIM yearly Top 100 (North, 4+); top-10 = the group's 10 biggest entries in the list","https://www.cim.be/nl/televisie (tab Top 100 jaar, jaar 2024, regio Noord)"
2024,DPG Media (VTM family),14,966740,1480300,THE MASKED SINGER,VTM,20/09/2024,909886,CIM yearly Top 100: Live+7 incl. online (2018-H1 2024); Live+28 incl. online for broadcasts from 1 Jul 2024,"own calculation from CIM yearly Top 100 (North, 4+); top-10 = the group's 10 biggest entries in the list","https://www.cim.be/nl/televisie (tab Top 100 jaar, jaar 2024, regio Noord)"
2024,Play Media (SBS/Play family),6,fewer than 10 entries,1523800,DE MOL,PLAY4,24/03/2024,1041267,CIM yearly Top 100: Live+7 incl. online (2018-H1 2024); Live+28 incl. online for broadcasts from 1 Jul 2024,"own calculation from CIM yearly Top 100 (North, 4+); top-10 = the group's 10 biggest entries in the list","https://www.cim.be/nl/televisie (tab Top 100 jaar, jaar 2024, regio Noord)"
2025,All channels,100,1314050,1439000,DE MOL,PLAY,23/03/2025,845410,CIM yearly Top 100: Live+7 incl. online (2018-H1 2024); Live+28 incl. online for broadcasts from 1 Jul 2024,"own calculation from CIM yearly Top 100 (North, 4+); top-10 = the group's 10 biggest entries in the list","https://www.cim.be/nl/televisie (tab Top 100 jaar, jaar 2025, regio Noord)"
2025,VRT,64,1206840,1343500,TABOE,VRT 1,23/02/2025,865919,CIM yearly Top 100: Live+7 incl. online (2018-H1 2024); Live+28 incl. online for broadcasts from 1 Jul 2024,"own calculation from CIM yearly Top 100 (North, 4+); top-10 = the group's 10 biggest entries in the list","https://www.cim.be/nl/televisie (tab Top 100 jaar, jaar 2025, regio Noord)"
2025,DPG Media (VTM family),29,898960,1402100,THE MASKED SINGER,VTM,17/10/2025,761834,CIM yearly Top 100: Live+7 incl. online (2018-H1 2024); Live+28 incl. online for broadcasts from 1 Jul 2024,"own calculation from CIM yearly Top 100 (North, 4+); top-10 = the group's 10 biggest entries in the list","https://www.cim.be/nl/televisie (tab Top 100 jaar, jaar 2025, regio Noord)"
2025,Play Media (SBS/Play family),6,fewer than 10 entries,1439000,DE MOL,PLAY,23/03/2025,957800,CIM yearly Top 100: Live+7 incl. online (2018-H1 2024); Live+28 incl. online for broadcasts from 1 Jul 2024,"own calculation from CIM yearly Top 100 (North, 4+); top-10 = the group's 10 biggest entries in the list","https://www.cim.be/nl/televisie (tab Top 100 jaar, jaar 2025, regio Noord)"
