year,date,programme,channel,viewers,period,method,source_url
2016,2016-11-13,VB. WK. KWALIF,EEN,1704401,2016-10-01..2016-12-31,own calculation: highest single entry in the CIM daily Top 20 within the period,"https://www.cim.be/nl/televisie (tab Dagelijkse top 20, regio Noord, 2016-11-13)"
2017,2017-03-05,REIZEN WAES,EEN,1763522,2017-01-01..2017-12-31,own calculation: highest single entry in the CIM daily Top 20 within the period,"https://www.cim.be/nl/televisie (tab Dagelijkse top 20, regio Noord, 2017-03-05)"
2018,2018-07-10,VB. WK. 1/2F - FRANKRIJK/BELGIE,EEN,2494114,2018-01-01..2018-12-31,own calculation: highest single entry in the CIM daily Top 20 within the period,"https://www.cim.be/nl/televisie (tab Dagelijkse top 20, regio Noord, 2018-07-10)"
2019,2019-02-03,REIZEN WAES EUROPA,EEN,1637835,2019-01-01..2019-12-31,own calculation: highest single entry in the CIM daily Top 20 within the period,"https://www.cim.be/nl/televisie (tab Dagelijkse top 20, regio Noord, 2019-02-03)"
2020,2020-11-06,THE MASKED SINGER,VTM,2015005,2020-01-01..2020-12-31,own calculation: highest single entry in the CIM daily Top 20 within the period,"https://www.cim.be/nl/televisie (tab Dagelijkse top 20, regio Noord, 2020-11-06)"
2021,2021-06-27,VB. EK. 1/8F - BELGIE/PORTUGAL,EEN,2449938,2021-01-01..2021-12-31,own calculation: highest single entry in the CIM daily Top 20 within the period,"https://www.cim.be/nl/televisie (tab Dagelijkse top 20, regio Noord, 2021-06-27)"
2022,2022-11-23,VB. WK. SCHIFT. - BELGIE/CANADA,EEN,1881984,2022-01-01..2022-12-31,own calculation: highest single entry in the CIM daily Top 20 within the period,"https://www.cim.be/nl/televisie (tab Dagelijkse top 20, regio Noord, 2022-11-23)"
2023,2023-03-20,DANK WEERMAN FRANK,EEN,1521780,2023-01-01..2023-12-31,own calculation: highest single entry in the CIM daily Top 20 within the period,"https://www.cim.be/nl/televisie (tab Dagelijkse top 20, regio Noord, 2023-03-20)"
2024,2024-03-03,KAMP WAES,VRT 1,1986318,2024-01-01..2024-12-31,own calculation: highest single entry in the CIM daily Top 20 within the period,"https://www.cim.be/nl/televisie (tab Dagelijkse top 20, regio Noord, 2024-03-03)"
2025,2025-03-23,DE MOL,PLAY4,1438968,2025-01-01..2025-12-31,own calculation: highest single entry in the CIM daily Top 20 within the period,"https://www.cim.be/nl/televisie (tab Dagelijkse top 20, regio Noord, 2025-03-23)"
2026,2026-06-21,VB. WK. SCHIFT. - BELGIUM/IR IRAN,VRT 1,1719018,2026-01-01..2026-10-01,own calculation: highest single entry in the CIM daily Top 20 within the period,"https://www.cim.be/nl/televisie (tab Dagelijkse top 20, regio Noord, 2026-06-21)"
