comparison,group,days_a,days_b,avg_biggest_programme_a,avg_biggest_programme_b,change_biggest_pct,avg_per_entry_a,avg_per_entry_b,change_per_entry_pct,note,method,source_url
Jan-Jun 2022 vs Jan-Jun 2023,VRT,181,181,1009819,942152,-6.7,509312,457635,-10.1,both same-day: like-for-like,"own calculation from CIM daily Top 20 (North, 4+)","https://www.cim.be/nl/televisie (tab Dagelijkse top 20, regio Noord)"
Jan-Jun 2022 vs Jan-Jun 2023,DPG Media (VTM family),181,181,679416,630918,-7.1,375170,343569,-8.4,both same-day: like-for-like,"own calculation from CIM daily Top 20 (North, 4+)","https://www.cim.be/nl/televisie (tab Dagelijkse top 20, regio Noord)"
Jan-Jun 2022 vs Jan-Jun 2023,Play Media (SBS/Play family),181,181,334281,300903,-10.0,286923,239474,-16.5,both same-day: like-for-like,"own calculation from CIM daily Top 20 (North, 4+)","https://www.cim.be/nl/televisie (tab Dagelijkse top 20, regio Noord)"
Jan-Jun 2022 vs Jan-Jun 2023,All channels (context),181,181,1038643,970605,-6.6,450865,401714,-10.9,both same-day: like-for-like,"own calculation from CIM daily Top 20 (North, 4+)","https://www.cim.be/nl/televisie (tab Dagelijkse top 20, regio Noord)"
Jul-Dec 2022 vs Jul-Dec 2023,VRT,184,184,862839,944102,9.4,424769,464078,9.3,"STRADDLES THE BREAK: second period consolidated, so the change mixes real change and method effect","own calculation from CIM daily Top 20 (North, 4+)","https://www.cim.be/nl/televisie (tab Dagelijkse top 20, regio Noord)"
Jul-Dec 2022 vs Jul-Dec 2023,DPG Media (VTM family),184,184,583174,637740,9.4,310708,366598,18.0,"STRADDLES THE BREAK: second period consolidated, so the change mixes real change and method effect","own calculation from CIM daily Top 20 (North, 4+)","https://www.cim.be/nl/televisie (tab Dagelijkse top 20, regio Noord)"
Jul-Dec 2022 vs Jul-Dec 2023,Play Media (SBS/Play family),184,184,349914,469723,34.2,281352,335849,19.4,"STRADDLES THE BREAK: second period consolidated, so the change mixes real change and method effect","own calculation from CIM daily Top 20 (North, 4+)","https://www.cim.be/nl/televisie (tab Dagelijkse top 20, regio Noord)"
Jul-Dec 2022 vs Jul-Dec 2023,All channels (context),184,184,863356,946747,9.7,376892,419407,11.3,"STRADDLES THE BREAK: second period consolidated, so the change mixes real change and method effect","own calculation from CIM daily Top 20 (North, 4+)","https://www.cim.be/nl/televisie (tab Dagelijkse top 20, regio Noord)"
Jan-1 Oct 2025 vs Jan-1 Oct 2026,VRT,274,271,904086,838235,-7.3,428073,389734,-9.0,both consolidated: like-for-like (2026 includes the football World Cup),"own calculation from CIM daily Top 20 (North, 4+)","https://www.cim.be/nl/televisie (tab Dagelijkse top 20, regio Noord)"
Jan-1 Oct 2025 vs Jan-1 Oct 2026,DPG Media (VTM family),274,271,598067,550733,-7.9,372753,324041,-13.1,both consolidated: like-for-like (2026 includes the football World Cup),"own calculation from CIM daily Top 20 (North, 4+)","https://www.cim.be/nl/televisie (tab Dagelijkse top 20, regio Noord)"
Jan-1 Oct 2025 vs Jan-1 Oct 2026,Play Media (SBS/Play family),274,271,353799,292014,-17.5,280536,248521,-11.4,both consolidated: like-for-like (2026 includes the football World Cup),"own calculation from CIM daily Top 20 (North, 4+)","https://www.cim.be/nl/televisie (tab Dagelijkse top 20, regio Noord)"
Jan-1 Oct 2025 vs Jan-1 Oct 2026,All channels (context),274,271,914949,844634,-7.7,397693,356932,-10.2,both consolidated: like-for-like (2026 includes the football World Cup),"own calculation from CIM daily Top 20 (North, 4+)","https://www.cim.be/nl/televisie (tab Dagelijkse top 20, regio Noord)"
