driver,indicator,year_from,value_from,year_to,value_to,unit,population,source,source_url,location_in_source,notes
less live TV,watch live TV daily,2020,56,2025,40,%,Flemings 18+,imec.digimeter 2025,https://www.imec.be/sites/default/files/2026-03/imec.digimeter-2025-rapport.pdf,p.23,2025 = -1 point vs 2024
less live TV,"watch live TV daily, age 25-34",,,2025,14,%,Flemings 25-34,imec.digimeter 2025,https://www.imec.be/sites/default/files/2026-03/imec.digimeter-2025-rapport.pdf,p.23,18-24: 17%; 55-64: 51%; 65-74: 65%; 75+: 71%
time-shifted viewing,watch delayed TV daily,2024,32,2025,37,%,Flemings 18+,imec.digimeter 2025,https://www.imec.be/sites/default/files/2026-03/imec.digimeter-2025-rapport.pdf,p.23,
cord-cutting,no cable/TV subscription,,,2025,26,%,Flemings 18+,imec.digimeter 2025,https://www.imec.be/sites/default/files/2026-03/imec.digimeter-2025-rapport.pdf,p.23,"cord-nevers 15%, cord-cutters 11%"
streaming competition,access to at least one paid streaming subscription,,,2025,59,%,Flemings 18+,imec.digimeter 2025,https://www.imec.be/sites/default/files/2026-03/imec.digimeter-2025-rapport.pdf,p.25,56% use one actively
news via social media,follow news via social media daily,,,2025,44,%,Flemings 18+,imec.digimeter 2025,https://www.imec.be/sites/default/files/2026-03/imec.digimeter-2025-rapport.pdf,p.39,national TV news daily 51% (-2); radio news 55%
news via search/AI,follow news via search engines daily,2024,22,2025,33,%,Flemings 18+,imec.digimeter 2025,https://www.imec.be/sites/default/files/2026-03/imec.digimeter-2025-rapport.pdf,p.39,
fragmentation,share of viewing by listed channels outside the three groups,2018,9.2,2025,13.1,%,4+,CIM yearly market shares (own sum),https://www.cim.be/nl/televisie,tab Marktaandelen,see data/cim_yearly_market_share_by_group_owncalc.csv
less TV news,watch TV evening news (weekly news source),2017,73,2026,51,%,Flemish online population (DNR survey),"SMIT/VUB, Digital News Report Flanders, policy brief 93",https://smit.research.vub.be/en/policy-brief-93-digital-news-report-2025-wider-access-weaker-pull-more-channels-less-interest-and-a,brief text,
news avoidance,sometimes or often avoid the news,2017,48,2026,66,%,Flemish news users,SMIT/VUB policy brief 93,https://smit.research.vub.be/en/policy-brief-93-digital-news-report-2025-wider-access-weaker-pull-more-channels-less-interest-and-a,brief text,
interest in news,very or extremely interested in news,2017,62,2026,36,%,Flemish news users,SMIT/VUB policy brief 93,https://smit.research.vub.be/en/policy-brief-93-digital-news-report-2025-wider-access-weaker-pull-more-channels-less-interest-and-a,brief text,59% in 2021
daily news use,use news daily,2017,89,2026,72,%,Flemish news users,SMIT/VUB policy brief 93,https://smit.research.vub.be/en/policy-brief-93-digital-news-report-2025-wider-access-weaker-pull-more-channels-less-interest-and-a,brief text,
young audiences,"social media as main news source, age 18-24",2017,23,2026,43,%,18-24,SMIT/VUB policy brief 93,https://smit.research.vub.be/en/policy-brief-93-digital-news-report-2025-wider-access-weaker-pull-more-channels-less-interest-and-a,brief text,
trust,trust most news most of the time,2017,57,2026,just under 50,%,Flemish news users,SMIT/VUB policy brief 93,https://smit.research.vub.be/en/policy-brief-93-digital-news-report-2025-wider-access-weaker-pull-more-channels-less-interest-and-a,brief text,61% in 2020
online news,use VRT NWS online weekly,,33,2026,40,%,Flemish news users,SMIT/VUB policy brief 93,https://smit.research.vub.be/en/policy-brief-93-digital-news-report-2025-wider-access-weaker-pull-more-channels-less-interest-and-a,brief text,earlier year as stated in the brief
general media change,VRT explanation of falling viewing time,,,2019,text,,,VRT annual report 2019,https://www.vrt.be/nl/assets/files/2024-09/VRT_Jaarverslag-2019-CORPS-lowlowres.pdf,TV section,"VRT: the decline 'sluit aan bij het algemene, veranderende mediagedrag'"
