year,group,share_pct,members,method,source_url,notes
2015,VRT,38.5,Een+Canvas+Ketnet,"own calculation: sum of channel shares printed in the VRT annual report chart (CIM/GfK, rounded to 0.1)",https://www.vrt.be/nl/assets/files/2024-09/VRTJaarverslag2016.pdf,
2015,DPG Media (VTM family),30.4,VTM+Q2+Vitaya,"own calculation: sum of channel shares printed in the VRT annual report chart (CIM/GfK, rounded to 0.1)",https://www.vrt.be/nl/assets/files/2024-09/VRTJaarverslag2016.pdf,CAZ and Zes not shown in the 2015 chart
2015,Play Media (SBS/Play family),11.8,Vier+Vijf,"own calculation: sum of channel shares printed in the VRT annual report chart (CIM/GfK, rounded to 0.1)",https://www.vrt.be/nl/assets/files/2024-09/VRTJaarverslag2016.pdf,CAZ and Zes not shown in the 2015 chart
2016,VRT,39.3,Een+Canvas+Ketnet,"own calculation: sum of channel shares printed in the VRT annual report chart (CIM/GfK, rounded to 0.1)",https://www.vrt.be/nl/assets/files/2024-09/LRN-VRT-Jaarverslag-2017-web-low-2.pdf,
2016,DPG Media (VTM family),29.6,VTM+Q2+Vitaya+CAZ,"own calculation: sum of channel shares printed in the VRT annual report chart (CIM/GfK, rounded to 0.1)",https://www.vrt.be/nl/assets/files/2024-09/LRN-VRT-Jaarverslag-2017-web-low-2.pdf,
2016,Play Media (SBS/Play family),11.6,Vier+Vijf+Zes,"own calculation: sum of channel shares printed in the VRT annual report chart (CIM/GfK, rounded to 0.1)",https://www.vrt.be/nl/assets/files/2024-09/LRN-VRT-Jaarverslag-2017-web-low-2.pdf,
2017,VRT,37.1,Een+Canvas+Ketnet,"own calculation: sum of channel shares printed in the VRT annual report chart (CIM/GfK, rounded to 0.1)",https://www.vrt.be/nl/assets/files/2024-09/LRN-VRT-Jaarverslag-2017-web-low-2.pdf,
2017,DPG Media (VTM family),30.6,VTM+Q2+Vitaya+CAZ,"own calculation: sum of channel shares printed in the VRT annual report chart (CIM/GfK, rounded to 0.1)",https://www.vrt.be/nl/assets/files/2024-09/LRN-VRT-Jaarverslag-2017-web-low-2.pdf,
2017,Play Media (SBS/Play family),12.2,Vier+Vijf+Zes,"own calculation: sum of channel shares printed in the VRT annual report chart (CIM/GfK, rounded to 0.1)",https://www.vrt.be/nl/assets/files/2024-09/LRN-VRT-Jaarverslag-2017-web-low-2.pdf,
