contract,kpi,target,year,value,unit,met_as_reported,source,source_url,location_in_source,notes
management contract 2016-2020,Weekly reach of all VRT offer,>= 85% of Flemings (15+; 16+ in 2020),2016,90.7,%,yes,VRT annual report 2016,https://www.vrt.be/nl/assets/files/2024-09/VRTJaarverslag2016.pdf,p.19,VRT totaalbereik survey
management contract 2016-2020,Weekly reach of all VRT offer,>= 85% of Flemings (15+; 16+ in 2020),2017,89.4,%,yes,VRT annual report 2019,https://www.vrt.be/nl/assets/files/2024-09/VRT_Jaarverslag-2019-CORPS-lowlowres.pdf,2019 report p.15 (5-year table),VRT totaalbereik survey
management contract 2016-2020,Weekly reach of all VRT offer,>= 85% of Flemings (15+; 16+ in 2020),2018,88.7,%,yes,VRT annual report 2019,https://www.vrt.be/nl/assets/files/2024-09/VRT_Jaarverslag-2019-CORPS-lowlowres.pdf,2019 report p.15 (5-year table),VRT totaalbereik survey
management contract 2016-2020,Weekly reach of all VRT offer,>= 85% of Flemings (15+; 16+ in 2020),2019,90.2,%,yes,VRT annual report 2019,https://www.vrt.be/nl/assets/files/2024-09/VRT_Jaarverslag-2019-CORPS-lowlowres.pdf,p.15,VRT totaalbereik survey
management contract 2016-2020,Weekly reach of all VRT offer,>= 85% of Flemings (15+; 16+ in 2020),2020,90.2,%,yes,VRT annual report 2020,https://www.vrt.be/nl/assets/files/2024-09/VRT_jaarverslag2020_A4_030_pages_Compressed.pdf,p.21,VRT totaalbereik survey
management contract 2016-2020,Weekly reach of the total information (news) offer,>= 75% of Flemings,2016,81.0,%,yes,VRT annual report 2016,https://www.vrt.be/nl/assets/files/2024-09/VRTJaarverslag2016.pdf,p.210,
management contract 2016-2020,Weekly reach of the total information (news) offer,>= 75% of Flemings,2017,77.5,%,yes,VRT annual report 2017,https://www.vrt.be/nl/assets/files/2024-09/LRN-VRT-Jaarverslag-2017-web-low-2.pdf,p.203,
management contract 2016-2020,Weekly reach of the total information (news) offer,>= 75% of Flemings,2018,78.9,%,yes,VRT annual report 2018,https://www.vrt.be/nl/assets/files/2024-09/VRTJaarverslag2018WEB.pdf,p.169,
management contract 2016-2020,Weekly reach of the total information (news) offer,>= 75% of Flemings,2019,79.7,%,yes,VRT annual report 2019,https://www.vrt.be/nl/assets/files/2024-09/VRT_Jaarverslag-2019-CORPS-lowlowres.pdf,p.43,
management contract 2016-2020,Weekly reach of the total information (news) offer,>= 75% of Flemings,2020,82.6,%,yes,VRT annual report 2020,https://www.vrt.be/nl/assets/files/2024-09/VRT_jaarverslag2020_A4_030_pages_Compressed.pdf,p.36,
management contract 2016-2020,Trust in VRT TV as a news source,no numeric target (trust to be measured),2016,76,% (much) trust,n/a,VRT annual report 2016,https://www.vrt.be/nl/assets/files/2024-09/VRTJaarverslag2016.pdf,trust section,"radio 74%, website 71%; 2015: TV 74, radio 72, site 69"
management contract 2016-2020,Trust in VRT TV as a news source,no numeric target,2017,not found,% (much) trust,n/a,VRT annual report 2017,https://www.vrt.be/nl/assets/files/2024-09/LRN-VRT-Jaarverslag-2017-web-low-2.pdf,,2017 report uses another question: 80% find VRT news reliable
management contract 2016-2020,Trust in VRT TV as a news source,no numeric target,2018,not found,% (much) trust,n/a,,,,
management contract 2016-2020,Trust in VRT TV as a news source,no numeric target,2019,73,% (much) trust,n/a,VRT annual report 2019,https://www.vrt.be/nl/assets/files/2024-09/VRT_Jaarverslag-2019-CORPS-lowlowres.pdf,trust section,"radio 74%, website 70%"
management contract 2016-2020,Trust in VRT TV as a news source,no numeric target,2020,75.4,% (much) trust,n/a,VRT annual report 2020,https://www.vrt.be/nl/assets/files/2024-09/VRT_jaarverslag2020_A4_030_pages_Compressed.pdf,trust section,"radio 72.6%, website 71.4%"
management contract 2016-2020,Spoken subtitling of all non-Dutch-language news content,100%,2019,not met,,no,VRT annual report 2019,https://www.vrt.be/nl/assets/files/2024-09/VRT_Jaarverslag-2019-CORPS-lowlowres.pdf,appendix 'performantiemaatstaven' (p.175 ff.),
management contract 2016-2020,Market-share or programme-audience target,,2016-2020,not found,,n/a,VRT annual report 2019,https://www.vrt.be/nl/assets/files/2024-09/VRT_Jaarverslag-2019-CORPS-lowlowres.pdf,appendix 'performantiemaatstaven' (p.175 ff.),no such target in the list of performance measures
management contract 2016-2020,Appreciation ('waardering') of Een / VRT 1,no numeric target (reported indicator),2016,8.2,score out of 10,n/a,VRT annual report 2016,https://www.vrt.be/nl/assets/files/2024-09/VRTJaarverslag2016.pdf,infobox,Canvas 8.1
management contract 2016-2020,Appreciation ('waardering') of Een / VRT 1,no numeric target (reported indicator),2017,8.2,score out of 10,n/a,VRT annual report 2017,https://www.vrt.be/nl/assets/files/2024-09/LRN-VRT-Jaarverslag-2017-web-low-2.pdf,infobox,Canvas 8.2
management contract 2016-2020,Appreciation ('waardering') of Een / VRT 1,no numeric target (reported indicator),2018,8.1,score out of 10,n/a,VRT annual report 2018,https://www.vrt.be/nl/assets/files/2024-09/VRTJaarverslag2018WEB.pdf,infobox,Canvas 8.2
management contract 2016-2020,Appreciation ('waardering') of Een / VRT 1,no numeric target (reported indicator),2019,8.1,score out of 10,n/a,VRT annual report 2019,https://www.vrt.be/nl/assets/files/2024-09/VRT_Jaarverslag-2019-CORPS-lowlowres.pdf,infobox,Canvas 8.1
management contract 2016-2020,Appreciation ('waardering') of Een / VRT 1,no numeric target (reported indicator),2020,8.2,score out of 10,n/a,VRT annual report 2020,https://www.vrt.be/nl/assets/files/2024-09/VRT_jaarverslag2020_A4_030_pages_Compressed.pdf,infobox,Canvas 8.2
management contract 2021-2025,Appreciation ('waardering') of Een / VRT 1,no numeric target (reported indicator),2021,8.1,score out of 10,n/a,VRT annual report 2021,https://www.vrt.be/nl/assets/files/2024-09/Jaarverslag2021.pdf,infobox,Canvas 8.1
management contract 2021-2025,Appreciation ('waardering') of Een / VRT 1,no numeric target (reported indicator),2022,not found,score out of 10,n/a,,,,
management contract 2021-2025,Appreciation ('waardering') of Een / VRT 1,no numeric target (reported indicator),2023,not found,score out of 10,n/a,,,,
management contract 2021-2025,Appreciation ('waardering') of Een / VRT 1,no numeric target (reported indicator),2024,not found,score out of 10,n/a,,,,
management contract 2021-2025,Appreciation ('waardering') of Een / VRT 1,no numeric target (reported indicator),2025,not found,score out of 10,n/a,,,,
management contract 2021-2025,KPI 9: weekly reach of all VRT offer,>= 85% of Flemings and >= 75% of each relevant group,2021,92.4,%,yes,VRT annual report 2021,https://www.vrt.be/nl/assets/files/2024-09/Jaarverslag2021.pdf,KPI 9,
management contract 2021-2025,KPI 9: weekly reach of all VRT offer,>= 85% of Flemings and >= 75% of each relevant group,2022,90.0,%,yes,VRT jaarbeeld 2022,https://www.vrt.be/nl/assets/files/2024-09/VRTjaarbeeld2022.pdf,KPI 9,
management contract 2021-2025,KPI 9: weekly reach of all VRT offer,>= 85% of Flemings and >= 75% of each relevant group,2023,88.9,%,yes,VRT annual report 2023 (copy hosted by Mediaspecs; secondary),https://www.mediaspecs.be/wp-content/uploads/2024/06/vrt-jaarverslag-2023.pdf,KPI 9,
management contract 2021-2025,KPI 9: weekly reach of all VRT offer,>= 85% of Flemings and >= 75% of each relevant group,2024,89.9,%,yes,VRT annual report 2024,https://www.vrt.be/nl/assets/files/2025-06/Jaarverslag-2024.pdf,KPI 9,
management contract 2021-2025,KPI 9: weekly reach of all VRT offer,>= 85% of Flemings and >= 75% of each relevant group,2025,90.6,%,yes,VRT annual report 2025,https://www.vrt.be/nl/assets/files/2026-07/JVS_2025_0.pdf,KPI 9 (p.12),
management contract 2021-2025,KPI 19: weekly reach of VRT NWS (total information offer),>= 75% of Flemings,2021,87.0,%,yes,VRT annual report 2021,https://www.vrt.be/nl/assets/files/2024-09/Jaarverslag2021.pdf,KPI 19 p.36,2021: population 12+
management contract 2021-2025,KPI 19: weekly reach of VRT NWS among 16-24,>= 65% (aim),2021,80.8,%,yes,VRT annual report 2021,https://www.vrt.be/nl/assets/files/2024-09/Jaarverslag2021.pdf,KPI 19 p.36,
management contract 2021-2025,KPI 19: weekly reach of VRT NWS (total information offer),>= 75% of Flemings,2022,82.4,%,yes,VRT jaarbeeld 2022,https://www.vrt.be/nl/assets/files/2024-09/VRTjaarbeeld2022.pdf,KPI 19,2021: population 12+
management contract 2021-2025,KPI 19: weekly reach of VRT NWS among 16-24,>= 65% (aim),2022,76.6,%,yes,VRT jaarbeeld 2022,https://www.vrt.be/nl/assets/files/2024-09/VRTjaarbeeld2022.pdf,KPI 19,
management contract 2021-2025,KPI 19: weekly reach of VRT NWS (total information offer),>= 75% of Flemings,2023,82.0,%,yes,VRT annual report 2023 (copy hosted by Mediaspecs; secondary),https://www.mediaspecs.be/wp-content/uploads/2024/06/vrt-jaarverslag-2023.pdf,KPI 19 p.34,2021: population 12+
management contract 2021-2025,KPI 19: weekly reach of VRT NWS among 16-24,>= 65% (aim),2023,84.4,%,yes,VRT annual report 2023 (copy hosted by Mediaspecs; secondary),https://www.mediaspecs.be/wp-content/uploads/2024/06/vrt-jaarverslag-2023.pdf,KPI 19 p.34,
management contract 2021-2025,KPI 19: weekly reach of VRT NWS (total information offer),>= 75% of Flemings,2024,81.7,%,yes,VRT annual report 2024,https://www.vrt.be/nl/assets/files/2025-06/Jaarverslag-2024.pdf,KPI 19 p.30,2021: population 12+
management contract 2021-2025,KPI 19: weekly reach of VRT NWS among 16-24,>= 65% (aim),2024,79.8,%,yes,VRT annual report 2024,https://www.vrt.be/nl/assets/files/2025-06/Jaarverslag-2024.pdf,KPI 19 p.30,
management contract 2021-2025,KPI 19: weekly reach of VRT NWS (total information offer),>= 75% of Flemings,2025,83.2,%,yes,VRT annual report 2025,https://www.vrt.be/nl/assets/files/2026-07/JVS_2025_0.pdf,KPI 19 p.20,2021: population 12+
management contract 2021-2025,KPI 19: weekly reach of VRT NWS among 16-24,>= 65% (aim),2025,86.7,%,yes,VRT annual report 2025,https://www.vrt.be/nl/assets/files/2026-07/JVS_2025_0.pdf,KPI 19 p.20,
management contract 2021-2025,KPI 20: trust in VRT TV as a news source,no numeric target,2021,73,% (much) trust,n/a,VRT annual report 2021,https://www.vrt.be/nl/assets/files/2024-09/Jaarverslag2021.pdf,KPI 20 p.36,"radio 68%, vrtnws.be 66%"
management contract 2021-2025,KPI 20: trust in VRT TV as a news source,no numeric target,2022,74,% (much) trust,n/a,VRT jaarbeeld 2022,https://www.vrt.be/nl/assets/files/2024-09/VRTjaarbeeld2022.pdf,KPI 20,"radio 71%, vrtnws.be 69%"
management contract 2021-2025,KPI 20: trust in VRT TV as a news source,no numeric target,2023,75,% (much) trust,n/a,VRT annual report 2023 (copy hosted by Mediaspecs; secondary),https://www.mediaspecs.be/wp-content/uploads/2024/06/vrt-jaarverslag-2023.pdf,KPI 20 p.35,"radio 71%, vrtnws.be 71%"
management contract 2021-2025,KPI 20: trust in VRT TV as a news source,no numeric target,2024,75,% (much) trust,n/a,VRT annual report 2024,https://www.vrt.be/nl/assets/files/2025-06/Jaarverslag-2024.pdf,KPI 20 p.30,"radio 72%, vrtnws.be 73%"
management contract 2021-2025,KPI 20: trust in VRT TV as a news source,no numeric target,2025,75,% (much) trust,n/a,VRT annual report 2025,https://www.vrt.be/nl/assets/files/2026-07/JVS_2025_0.pdf,KPI 20 p.20,"radio 71%, vrtnws.be 71%"
management contract 2021-2025,KPI 18: share of registered users active in the month,>= 50%,2021,39.0,%,no,VRT annual report 2021,https://www.vrt.be/nl/assets/files/2024-09/Jaarverslag2021.pdf,KPI 18 p.33,
management contract 2021-2025,KPI 18: share of registered users active in the month,>= 50%,2022,40.2,%,no,VRT jaarbeeld 2022,https://www.vrt.be/nl/assets/files/2024-09/VRTjaarbeeld2022.pdf,KPI 18,
management contract 2021-2025,KPI 18: share of registered users active in the month,>= 50%,2023,44.4,%,no,VRT annual report 2023 (copy hosted by Mediaspecs; secondary),https://www.mediaspecs.be/wp-content/uploads/2024/06/vrt-jaarverslag-2023.pdf,KPI 18 p.32,
management contract 2021-2025,KPI 18: share of registered users active in the month,>= 50%,2024,49.4,%,no,VRT annual report 2024,https://www.vrt.be/nl/assets/files/2025-06/Jaarverslag-2024.pdf,KPI 18 p.28,
management contract 2021-2025,KPI 18: share of registered users active in the month,>= 50%,2025,47.9,%,no,VRT annual report 2025,https://www.vrt.be/nl/assets/files/2026-07/JVS_2025_0.pdf,KPI 18 p.18,
management contract 2021-2025,KPI 10: balanced and inclusive portrayal,targets per group,2025,not met for women and for people with a disability,,partly,VRT annual report 2025,https://www.vrt.be/nl/assets/files/2026-07/JVS_2025_0.pdf,KPI 10 (p.13),
management contract 2021-2025,KPI 31: culture items in Het Journaal,>= 365 per year,2024,647,items,yes,VRT annual report 2024,https://www.vrt.be/nl/assets/files/2025-06/Jaarverslag-2024.pdf,KPI 31,
management contract 2021-2025,KPI 31: culture items in Het Journaal,>= 365 per year,2025,662,items,yes,VRT annual report 2025,https://www.vrt.be/nl/assets/files/2026-07/JVS_2025_0.pdf,KPI 31,
management contract 2021-2025,Market-share or programme-audience target,,2021-2025,not found,,n/a,VRT annual report 2025,https://www.vrt.be/nl/assets/files/2026-07/JVS_2025_0.pdf,KPI list,no such KPI in the list reported on
management contract 2026-2030,KPI 1: trust in VRT,>= 70% of Flemings,2026-2030,first results due by 1 June 2027,,n/a,Beheersovereenkomst VRT 2026-2030,https://www.vrt.be/nl/assets/files/2025-10/BHO_VRT_2025_digitaal-14-10-2025.pdf,KPI list (pp. 30-33 of the PDF),
management contract 2026-2030,"KPI 11: trust in VRT NWS via TV, radio or online",>= 70% of Flemings,2026-2030,first results due by 1 June 2027,,n/a,Beheersovereenkomst VRT 2026-2030,https://www.vrt.be/nl/assets/files/2025-10/BHO_VRT_2025_digitaal-14-10-2025.pdf,KPI list (pp. 30-33 of the PDF),
management contract 2026-2030,KPI 13: investigative stories,">= 15 in 2026, rising to 20 in 2030",2026-2030,first results due by 1 June 2027,,n/a,Beheersovereenkomst VRT 2026-2030,https://www.vrt.be/nl/assets/files/2025-10/BHO_VRT_2025_digitaal-14-10-2025.pdf,KPI list (pp. 30-33 of the PDF),
management contract 2026-2030,KPI 14: weekly reach of VRT NWS,>= 75% of Flemings and >= 65% of each relevant group,2026-2030,first results due by 1 June 2027,,n/a,Beheersovereenkomst VRT 2026-2030,https://www.vrt.be/nl/assets/files/2025-10/BHO_VRT_2025_digitaal-14-10-2025.pdf,KPI list (pp. 30-33 of the PDF),
management contract 2026-2030,KPI 16: reach of the analysis ('duiding') offer,">= 45% of media users, 50% by 2030",2026-2030,first results due by 1 June 2027,,n/a,Beheersovereenkomst VRT 2026-2030,https://www.vrt.be/nl/assets/files/2025-10/BHO_VRT_2025_digitaal-14-10-2025.pdf,KPI list (pp. 30-33 of the PDF),
management contract 2026-2030,KPI 18: culture items in Het Journaal,>= 365 per year,2026-2030,first results due by 1 June 2027,,n/a,Beheersovereenkomst VRT 2026-2030,https://www.vrt.be/nl/assets/files/2025-10/BHO_VRT_2025_digitaal-14-10-2025.pdf,KPI list (pp. 30-33 of the PDF),
management contract 2026-2030,KPI 24: at least one programme on important social themes,aim: reach of >= 1 million media users,2026-2030,first results due by 1 June 2027,,n/a,Beheersovereenkomst VRT 2026-2030,https://www.vrt.be/nl/assets/files/2025-10/BHO_VRT_2025_digitaal-14-10-2025.pdf,KPI list (pp. 30-33 of the PDF),
management contract 2026-2030,KPI 25: weekly reach of all VRT offer,>= 85% of Flemings and >= 75% of each relevant group,2026-2030,first results due by 1 June 2027,,n/a,Beheersovereenkomst VRT 2026-2030,https://www.vrt.be/nl/assets/files/2025-10/BHO_VRT_2025_digitaal-14-10-2025.pdf,KPI list (pp. 30-33 of the PDF),
management contract 2026-2030,KPI 26: daily reach,>= 70%,2026-2030,first results due by 1 June 2027,,n/a,Beheersovereenkomst VRT 2026-2030,https://www.vrt.be/nl/assets/files/2025-10/BHO_VRT_2025_digitaal-14-10-2025.pdf,KPI list (pp. 30-33 of the PDF),
management contract 2026-2030,Market-share or programme-audience target,not found in the KPI list,2026-2030,first results due by 1 June 2027,,n/a,Beheersovereenkomst VRT 2026-2030,https://www.vrt.be/nl/assets/files/2025-10/BHO_VRT_2025_digitaal-14-10-2025.pdf,KPI list (pp. 30-33 of the PDF),
