date,who,change,source_url,source_note
2016-01-01,CIM,Delayed-viewing window extended from 6 to 7 days after broadcast (Live+7 + guests),https://www.vlaamseregulatormedia.be/sites/default/files/2025-12/mediaconcentratierapport_2025.pdf,VRM report p. 211
2016-05-18,CIM,Guest viewing omitted 18 May-17 Jul 2016 by error; corrected by CIM afterwards (affected Euro 2016 ratings),https://sporza.be/nl/2016/08/01/ek-match-hongarije-belgie-levert-kijkcijferrecord-op-1-2727087/,Sporza 1 Aug 2016
2019-09-01,CIM,CIM starts reporting online (post-broadcast) views and viewing time of TV programmes next to classic ratings,https://www.vlaamseregulatormedia.be/sites/default/files/2025-12/mediaconcentratierapport_2025.pdf,VRM report p. 211
2020-01-01,CIM,"CIM publishes 'alle schermen' viewers: online viewing of full TV programmes added (fragments from 1 Jan 2021, live from 11 Jun 2021)",https://www.cim.be/sites/default/files/2026-03/reglement_TELEVISIE.pdf,CIM TV regulations
2020-08-31,DPG Media,"Q2, Vitaya, CAZ renamed VTM 2, VTM 3, VTM 4 (group totals unaffected, channel names change)",https://communicatie.dpgmedia.be/van-familiezender-naar-een-familie-van-zenders-vtm-breidt-vanaf-het-najaar-uit-met-vtm-2-vtm-3-en-vtm-4,press release
2021-01-01,CIM,Fragments (short online video) included in measurement,https://www.cim.be/sites/default/files/2026-03/reglement_TELEVISIE.pdf,CIM TV regulations
2021-01-28,SBS/Play Media,"VIER, VIJF, ZES renamed Play4, Play5, Play6 (CIM yearly table still lists old names for 2021); Play7 launched 2 Apr 2021",https://www.mediaspecs.be/vier-vijf-en-zes-worden-play4-play5-en-play6-vanaf-2-april-nieuwe-vrouwenzender-play7/,Mediaspecs
2021-03-01,CIM,'Total TV' definition revised,https://www.cim.be/sites/default/files/2026-03/reglement_TELEVISIE.pdf,CIM TV regulations section 3 (Total TV & OSU)
2021-06-11,CIM,Live streams (online live viewing) included,https://www.cim.be/sites/default/files/2026-03/reglement_TELEVISIE.pdf,CIM TV regulations
2022-01-01,VRT,VRT NU renamed VRT MAX during 2022 (VRT: 'VRT MAX zag in 2022 het daglicht'); VRT profile counts replace VRT NU account counts from 2021,https://communicatie.vrt.be/2024-het-jaar-van-een-nieuwe-groeispurt-voor-vrt-max,VRT press release; exact day not taken from a source
2023-01-01,VRT,"VRT annual report switches daily-reach figures to CIM 12+ basis (TV, radio, online): 2023+ not comparable with 2015-2021",https://www.mediaspecs.be/wp-content/uploads/2024/06/vrt-jaarverslag-2023.pdf,VRT jaarverslag 2023 infobox
2023-05-01,VRT,Een renamed VRT 1 (CIM daily lists switch label on 2 May 2023),https://www.vrt.be/vrtnws/nl/2023/04/28/een-wordt-vanaf-vandaag-vrt-1/,VRT NWS
2023-09-04,VRT,Canvas renamed VRT CANVAS,https://www.vrt.be/nl/over-ons/nieuws-over-vrt/canvas-wordt-vrt-canvas,VRT
2024-01-01,CIM,More small channels reported in CIM yearly market-share table (51 listed in 2024 vs 39 in 2023),https://www.vlaamseregulatormedia.be/sites/default/files/2025-12/mediaconcentratierapport_2025.pdf,VRM report p. 212; own count of CIM table
2024-07-01,CIM,CIM extends weekly/yearly consolidated figures to 28 days after broadcast (TV Live+7 + webrating preview..+28); CIM's 2025 best programme is reported as 'Live+28 incl. webrating'. Daily Top 20 (same-day) not affected,https://www.cim.be/nl/televisie ; https://cim.be/sites/default/files/2026-03/methodologie_television_Methodologie_NL2024.pdf,CIM site notes (date) and CIM TV methodology 2024 (28-day web rating)
2025-10-14,Play Media,Play4 renamed PLAY; Play5/6/7 renamed Play Fictie/Actie/Reality (CIM 2025 table uses new names),https://www2.telenet.be/residential/nl/klantenservice/tv-en-entertainment/zenders/zenderaanpassingen.html,Telenet
