year,entity,metric,value,unit,source,source_type,source_url,location_in_source,notes
2015,VRT,Public funding (pillar 1 'Overheidsfinanciering'),277.1,M EUR (nominal),VRT annual report 2015,primary,https://www.vrt.be/nl/assets/files/2024-09/jaarverslag2015.pdf,"p.74 (PDF page), table 'Financieringspijlers'",
2016,VRT,Public funding (pillar 1 'Overheidsfinanciering'),267.2,M EUR (nominal),VRT annual report 2016,primary,https://www.vrt.be/nl/assets/files/2024-09/VRTJaarverslag2016.pdf,"p.191, table 'Financieringspijlers'",
2017,VRT,Public funding (pillar 1 'Overheidsfinanciering'),286.6,M EUR (nominal),VRT annual report 2017,primary,https://www.vrt.be/nl/assets/files/2024-09/LRN-VRT-Jaarverslag-2017-web-low-2.pdf,"p.183, table 'Financieringspijlers'",includes an extra dotation to support the assets of the pension fund (text on same page); restated as 268.3 in the 2018 report (p.154)
2018,VRT,Public funding (pillar 1 'Overheidsfinanciering'),276.1,M EUR (nominal),VRT annual report 2018,primary,https://www.vrt.be/nl/assets/files/2024-09/VRTJaarverslag2018WEB.pdf,"p.154, table 'Financieringspijlers'",
2019,VRT,Public funding (pillar 1 'Overheidsfinanciering'),273.7,M EUR (nominal),VRT annual report 2019,primary,https://www.vrt.be/nl/assets/files/2024-09/VRT_Jaarverslag-2019-CORPS-lowlowres.pdf,"p.161, table 'Financieringspijlers'",
2020,VRT,Public funding (pillar 1 'Overheidsfinanciering'),273.6,M EUR (nominal),VRT annual report 2020,primary,https://www.vrt.be/nl/assets/files/2024-09/VRT_jaarverslag2020_A4_030_pages_Compressed.pdf,"p.128, table 'Financieringspijlers'",
2021,VRT,Public funding (pillar 1 'Overheidsfinanciering'),273.4,M EUR (nominal),VRT annual report 2021,primary,https://www.vrt.be/nl/assets/files/2024-09/Jaarverslag2021.pdf,"p.80, table 'Financieringspijlers'",
2022,VRT,Public funding (pillar 1 'Overheidsfinanciering'),290.6,M EUR (nominal),VRT annual report 2023 (copy hosted by Mediaspecs; secondary),secondary,https://www.mediaspecs.be/wp-content/uploads/2024/06/vrt-jaarverslag-2023.pdf,"p.80, table 'Financieringspijlers', prior-year column",the 2022 jaarbeeld has no financing table; value taken from the 2023 report
2023,VRT,Public funding (pillar 1 'Overheidsfinanciering'),297.9,M EUR (nominal),VRT annual report 2023 (copy hosted by Mediaspecs; secondary),secondary,https://www.mediaspecs.be/wp-content/uploads/2024/06/vrt-jaarverslag-2023.pdf,"p.80, table 'Financieringspijlers'",
2024,VRT,Public funding (pillar 1 'Overheidsfinanciering'),304.4,M EUR (nominal),VRT annual report 2024,primary,https://www.vrt.be/nl/assets/files/2025-06/Jaarverslag-2024.pdf,"p.79, table 'Financieringspijlers'",
2025,VRT,Public funding (pillar 1 'Overheidsfinanciering'),319.4,M EUR (nominal),VRT annual report 2025,primary,https://www.vrt.be/nl/assets/files/2026-07/JVS_2025_0.pdf,"p.74, table 'Financieringspijlers'",the 2025 report states this includes 20.0 M EUR of extra policy funds
2026,VRT,Public funding (pillar 1 'Overheidsfinanciering'),not found,M EUR (nominal),,,,,no 2026 annual report yet; the 2026 Flemish budget lines checked do not state the dotation
2015,VRT,Public funding per media user (= per inhabitant of Flanders),43.0,EUR,VRT annual report 2015,primary,https://www.vrt.be/nl/assets/files/2024-09/jaarverslag2015.pdf,"p.80, table 'De kosten per mediagebruiker'",VRT defines 'mediagebruikers' as the number of inhabitants of Flanders
2016,VRT,Public funding per media user (= per inhabitant of Flanders),41.2,EUR,VRT annual report 2016,primary,https://www.vrt.be/nl/assets/files/2024-09/VRTJaarverslag2016.pdf,"p.199, table 'De kosten per mediagebruiker'",VRT defines 'mediagebruikers' as the number of inhabitants of Flanders
2017,VRT,Public funding per media user (= per inhabitant of Flanders),44.0,EUR,VRT annual report 2017,primary,https://www.vrt.be/nl/assets/files/2024-09/LRN-VRT-Jaarverslag-2017-web-low-2.pdf,"p.191, table 'De kosten per mediagebruiker'",VRT defines 'mediagebruikers' as the number of inhabitants of Flanders
2018,VRT,Public funding per media user (= per inhabitant of Flanders),41.2,EUR,VRT annual report 2018,primary,https://www.vrt.be/nl/assets/files/2024-09/VRTJaarverslag2018WEB.pdf,"p.161, table 'De kosten per mediagebruiker'",VRT defines 'mediagebruikers' as the number of inhabitants of Flanders
2019,VRT,Public funding per media user (= per inhabitant of Flanders),40.6,EUR,VRT annual report 2019,primary,https://www.vrt.be/nl/assets/files/2024-09/VRT_Jaarverslag-2019-CORPS-lowlowres.pdf,"p.169, table 'De kosten per mediagebruiker'",VRT defines 'mediagebruikers' as the number of inhabitants of Flanders
2020,VRT,Public funding per media user (= per inhabitant of Flanders),37.95,EUR,VRT annual report 2020,primary,https://www.vrt.be/nl/assets/files/2024-09/VRT_jaarverslag2020_A4_030_pages_Compressed.pdf,"p.134, table 'De kosten per mediagebruiker'",VRT defines 'mediagebruikers' as the number of inhabitants of Flanders
2021,VRT,Public funding per media user (= per inhabitant of Flanders),41.22,EUR,VRT annual report 2021,primary,https://www.vrt.be/nl/assets/files/2024-09/Jaarverslag2021.pdf,"p.85, table 'De kosten per mediagebruiker'",VRT defines 'mediagebruikers' as the number of inhabitants of Flanders
2022,VRT,Public funding per media user (= per inhabitant of Flanders),not found,EUR,,,,,the 2022 jaarbeeld does not publish it
2023,VRT,Public funding per media user (= per inhabitant of Flanders),42.07,EUR,VRT annual report 2023 (copy hosted by Mediaspecs; secondary),secondary,https://www.mediaspecs.be/wp-content/uploads/2024/06/vrt-jaarverslag-2023.pdf,"p.85, table 'De kosten per mediagebruiker'",VRT defines 'mediagebruikers' as the number of inhabitants of Flanders
2024,VRT,Public funding per media user (= per inhabitant of Flanders),44.59,EUR,VRT annual report 2024,primary,https://www.vrt.be/nl/assets/files/2025-06/Jaarverslag-2024.pdf,"p.84, table 'De kosten per mediagebruiker'",VRT defines 'mediagebruikers' as the number of inhabitants of Flanders
2025,VRT,Public funding per media user (= per inhabitant of Flanders),44.58,EUR,VRT annual report 2025,primary,https://www.vrt.be/nl/assets/files/2026-07/JVS_2025_0.pdf,"p.80, table 'De kosten per mediagebruiker'",VRT defines 'mediagebruikers' as the number of inhabitants of Flanders
2015,Belgium,"HICP, all items, annual average index",100.0,index 2015=100,Eurostat prc_hicp_aind,primary,https://ec.europa.eu/eurostat/api/dissemination/statistics/1.0/data/prc_hicp_aind?geo=BE&coicop=CP00&unit=INX_A_AVG&format=JSON,"geo=BE, coicop=CP00, unit=INX_A_AVG","used instead of the Statbel CPI, whose website could not be accessed from our machine"
2016,Belgium,"HICP, all items, annual average index",101.77,index 2015=100,Eurostat prc_hicp_aind,primary,https://ec.europa.eu/eurostat/api/dissemination/statistics/1.0/data/prc_hicp_aind?geo=BE&coicop=CP00&unit=INX_A_AVG&format=JSON,"geo=BE, coicop=CP00, unit=INX_A_AVG","used instead of the Statbel CPI, whose website could not be accessed from our machine"
2017,Belgium,"HICP, all items, annual average index",104.03,index 2015=100,Eurostat prc_hicp_aind,primary,https://ec.europa.eu/eurostat/api/dissemination/statistics/1.0/data/prc_hicp_aind?geo=BE&coicop=CP00&unit=INX_A_AVG&format=JSON,"geo=BE, coicop=CP00, unit=INX_A_AVG","used instead of the Statbel CPI, whose website could not be accessed from our machine"
2018,Belgium,"HICP, all items, annual average index",106.44,index 2015=100,Eurostat prc_hicp_aind,primary,https://ec.europa.eu/eurostat/api/dissemination/statistics/1.0/data/prc_hicp_aind?geo=BE&coicop=CP00&unit=INX_A_AVG&format=JSON,"geo=BE, coicop=CP00, unit=INX_A_AVG","used instead of the Statbel CPI, whose website could not be accessed from our machine"
2019,Belgium,"HICP, all items, annual average index",107.77,index 2015=100,Eurostat prc_hicp_aind,primary,https://ec.europa.eu/eurostat/api/dissemination/statistics/1.0/data/prc_hicp_aind?geo=BE&coicop=CP00&unit=INX_A_AVG&format=JSON,"geo=BE, coicop=CP00, unit=INX_A_AVG","used instead of the Statbel CPI, whose website could not be accessed from our machine"
2020,Belgium,"HICP, all items, annual average index",108.23,index 2015=100,Eurostat prc_hicp_aind,primary,https://ec.europa.eu/eurostat/api/dissemination/statistics/1.0/data/prc_hicp_aind?geo=BE&coicop=CP00&unit=INX_A_AVG&format=JSON,"geo=BE, coicop=CP00, unit=INX_A_AVG","used instead of the Statbel CPI, whose website could not be accessed from our machine"
2021,Belgium,"HICP, all items, annual average index",111.71,index 2015=100,Eurostat prc_hicp_aind,primary,https://ec.europa.eu/eurostat/api/dissemination/statistics/1.0/data/prc_hicp_aind?geo=BE&coicop=CP00&unit=INX_A_AVG&format=JSON,"geo=BE, coicop=CP00, unit=INX_A_AVG","used instead of the Statbel CPI, whose website could not be accessed from our machine"
2022,Belgium,"HICP, all items, annual average index",123.26,index 2015=100,Eurostat prc_hicp_aind,primary,https://ec.europa.eu/eurostat/api/dissemination/statistics/1.0/data/prc_hicp_aind?geo=BE&coicop=CP00&unit=INX_A_AVG&format=JSON,"geo=BE, coicop=CP00, unit=INX_A_AVG","used instead of the Statbel CPI, whose website could not be accessed from our machine"
2023,Belgium,"HICP, all items, annual average index",126.07,index 2015=100,Eurostat prc_hicp_aind,primary,https://ec.europa.eu/eurostat/api/dissemination/statistics/1.0/data/prc_hicp_aind?geo=BE&coicop=CP00&unit=INX_A_AVG&format=JSON,"geo=BE, coicop=CP00, unit=INX_A_AVG","used instead of the Statbel CPI, whose website could not be accessed from our machine"
2024,Belgium,"HICP, all items, annual average index",131.52,index 2015=100,Eurostat prc_hicp_aind,primary,https://ec.europa.eu/eurostat/api/dissemination/statistics/1.0/data/prc_hicp_aind?geo=BE&coicop=CP00&unit=INX_A_AVG&format=JSON,"geo=BE, coicop=CP00, unit=INX_A_AVG","used instead of the Statbel CPI, whose website could not be accessed from our machine"
2025,Belgium,"HICP, all items, annual average index",135.49,index 2015=100,Eurostat prc_hicp_aind,primary,https://ec.europa.eu/eurostat/api/dissemination/statistics/1.0/data/prc_hicp_aind?geo=BE&coicop=CP00&unit=INX_A_AVG&format=JSON,"geo=BE, coicop=CP00, unit=INX_A_AVG","used instead of the Statbel CPI, whose website could not be accessed from our machine"
2022,VRT,Transformation plan: structural saving on operations,25,M EUR per year,"Flemish Parliament, hearing on the new management contract, 13 Mar 2025 (VRT CEO)",primary,https://docs.vlaamsparlement.be/files/pfile?id=2185801,statement of the VRT CEO,plan agreed with the Flemish Government in the 2021-2025 contract; reported as completed
2026,VRT,"Cost control in the 2026-2030 contract, rising to (by 2030)",16,M EUR per year,VRT press release on the 2026-2030 management contract,primary,https://www.vrt.be/nl/over-ons/nieuws-over-vrt/met-een-nieuwe-beheersovereenkomst-vrt-klaar-voor-de-toekomst-vertrouwen-vernieuwing-en-ambitie-centraal,press release text,
2027,VRT,Additional dotation cut announced Sep 2026 (2027; rising to 7 M EUR by 2029),3.4,M EUR,"VRT NWS, 30 Sep 2026",primary,https://www.vrt.be/vrtnws/nl/2026/09/30/vrt-moet-10-miljoen-euro-extra-besparen-vrt-max-mag-betalend-lu/,article text,"together with no indexation of operating funds, about 10 M EUR of extra savings according to the article"
2026,VRT,Ceiling on digital advertising revenue (raised from 13 M EUR),20,M EUR,"VRT, Financieel kader",primary,https://www.vrt.be/nl/over-ons/financien/financieel-kader,page text,
