year,pillar1_nominal_meur,hicp_2015_100,pillar1_real_2025_prices_meur,vrt_tv_avg_daily_reach_persons,pillar1_per_tv_daily_reach_person_eur_nominal,pillar1_per_tv_daily_reach_person_eur_2025_prices,method,caveats
2015,277.1,100.0,375.4,2793435,99.2,134.4,own calculation: real = nominal x HICP(2025)/HICP(year); per person = pillar 1 / VRT TV average daily reach (data/sourced_figures.csv),"pillar 1 pays for radio, online and all other VRT activity, not only TV; the VRT reach basis changes in 2023 (see Other); 2017 includes a one-off pension-fund dotation"
2016,267.2,101.77,355.7,2770761,96.4,128.4,own calculation: real = nominal x HICP(2025)/HICP(year); per person = pillar 1 / VRT TV average daily reach (data/sourced_figures.csv),"pillar 1 pays for radio, online and all other VRT activity, not only TV; the VRT reach basis changes in 2023 (see Other); 2017 includes a one-off pension-fund dotation"
2017,286.6,104.03,373.3,2755523,104.0,135.5,own calculation: real = nominal x HICP(2025)/HICP(year); per person = pillar 1 / VRT TV average daily reach (data/sourced_figures.csv),"pillar 1 pays for radio, online and all other VRT activity, not only TV; the VRT reach basis changes in 2023 (see Other); 2017 includes a one-off pension-fund dotation"
2018,276.1,106.44,351.5,2666339,103.6,131.8,own calculation: real = nominal x HICP(2025)/HICP(year); per person = pillar 1 / VRT TV average daily reach (data/sourced_figures.csv),"pillar 1 pays for radio, online and all other VRT activity, not only TV; the VRT reach basis changes in 2023 (see Other); 2017 includes a one-off pension-fund dotation"
2019,273.7,107.77,344.1,2643256,103.5,130.2,own calculation: real = nominal x HICP(2025)/HICP(year); per person = pillar 1 / VRT TV average daily reach (data/sourced_figures.csv),"pillar 1 pays for radio, online and all other VRT activity, not only TV; the VRT reach basis changes in 2023 (see Other); 2017 includes a one-off pension-fund dotation"
2020,273.6,108.23,342.5,2762049,99.1,124.0,own calculation: real = nominal x HICP(2025)/HICP(year); per person = pillar 1 / VRT TV average daily reach (data/sourced_figures.csv),"pillar 1 pays for radio, online and all other VRT activity, not only TV; the VRT reach basis changes in 2023 (see Other); 2017 includes a one-off pension-fund dotation"
2021,273.4,111.71,331.6,2580861,105.9,128.5,own calculation: real = nominal x HICP(2025)/HICP(year); per person = pillar 1 / VRT TV average daily reach (data/sourced_figures.csv),"pillar 1 pays for radio, online and all other VRT activity, not only TV; the VRT reach basis changes in 2023 (see Other); 2017 includes a one-off pension-fund dotation"
2022,290.6,123.26,319.4,not found,not found,not found,own calculation: real = nominal x HICP(2025)/HICP(year); per person = pillar 1 / VRT TV average daily reach (data/sourced_figures.csv),"pillar 1 pays for radio, online and all other VRT activity, not only TV; the VRT reach basis changes in 2023 (see Other); 2017 includes a one-off pension-fund dotation"
2023,297.9,126.07,320.2,2355396,126.5,135.9,own calculation: real = nominal x HICP(2025)/HICP(year); per person = pillar 1 / VRT TV average daily reach (data/sourced_figures.csv),"pillar 1 pays for radio, online and all other VRT activity, not only TV; the VRT reach basis changes in 2023 (see Other); 2017 includes a one-off pension-fund dotation"
2024,304.4,131.52,313.6,2341668,130.0,133.9,own calculation: real = nominal x HICP(2025)/HICP(year); per person = pillar 1 / VRT TV average daily reach (data/sourced_figures.csv),"pillar 1 pays for radio, online and all other VRT activity, not only TV; the VRT reach basis changes in 2023 (see Other); 2017 includes a one-off pension-fund dotation"
2025,319.4,135.49,319.4,not found,not found,not found,own calculation: real = nominal x HICP(2025)/HICP(year); per person = pillar 1 / VRT TV average daily reach (data/sourced_figures.csv),"pillar 1 pays for radio, online and all other VRT activity, not only TV; the VRT reach basis changes in 2023 (see Other); 2017 includes a one-off pension-fund dotation"
