year,entity,metric,value,unit,population_basis,source,source_type,source_url,location_in_source,notes
2015,VRT (Een+Canvas+Ketnet),"TV market share, full day",38.5,%,4+ (CIM/GfK audimetry),VRT jaarverslag 2016,primary,https://www.vrt.be/nl/assets/files/2024-09/VRTJaarverslag2016.pdf,chart 'Marktaandelen televisie' 2015,
2016,VRT (Een+Canvas+Ketnet),"TV market share, full day",39.3,%,4+ (CIM/GfK audimetry),VRT jaarverslag 2017,primary,https://www.vrt.be/nl/assets/files/2024-09/LRN-VRT-Jaarverslag-2017-web-low-2.pdf,chart 'Marktaandelen televisie' 2016,2016 report chart; figure repeated in 2017 report
2017,VRT (Een+Canvas+Ketnet),"TV market share, full day",37.1,%,4+ (CIM/GfK audimetry),VRT jaarverslag 2017,primary,https://www.vrt.be/nl/assets/files/2024-09/LRN-VRT-Jaarverslag-2017-web-low-2.pdf,text 'Kijken naar VRT-televisie' + chart,
2018,VRT (Een+Canvas+Ketnet),"TV market share, full day",37.3,%,4+ (CIM/GfK audimetry),VRT jaarverslag 2018,primary,https://www.vrt.be/nl/assets/files/2024-09/VRTJaarverslag2018WEB.pdf,text 'Kijken naar VRT-televisie',
2019,VRT (Een+Canvas+Ketnet),"TV market share, full day",36.6,%,4+ (CIM/GfK audimetry),VRT jaarverslag 2019,primary,https://www.vrt.be/nl/assets/files/2024-09/VRT_Jaarverslag-2019-CORPS-lowlowres.pdf,text 'Kijken naar VRT-televisie',
2020,VRT (Een+Canvas+Ketnet),"TV market share, full day",37.6,%,4+ (CIM/GfK audimetry),VRT jaarverslag 2020,primary,https://www.vrt.be/nl/assets/files/2024-09/VRT_jaarverslag2020_A4_030_pages_Compressed.pdf,"text, section VRT-televisie",
2024,VRT,"TV market share, full day (share of average viewing time)",38.05,%,"total population, Live+7+guests",VRM Mediaconcentratie in Vlaanderen 2025,"primary (regulator, based on CIM)",https://www.vlaamseregulatormedia.be/sites/default/files/2025-12/mediaconcentratierapport_2025.pdf,p. 211 (section 3.1.2.3.2.1),
2024,DPG Media channels,"TV market share, full day",28.06,%,"total population, Live+7+guests",VRM Mediaconcentratie in Vlaanderen 2025,"primary (regulator, based on CIM)",https://www.vlaamseregulatormedia.be/sites/default/files/2025-12/mediaconcentratierapport_2025.pdf,p. 211,VRM: lowest point was 2021 (27.71%)
2021,DPG Media channels,"TV market share, full day",27.71,%,total population,VRM Mediaconcentratie in Vlaanderen 2025,"primary (regulator, based on CIM)",https://www.vlaamseregulatormedia.be/sites/default/files/2025-12/mediaconcentratierapport_2025.pdf,p. 211,named by VRM as the low point
2024,Play Media channels,"TV market share, full day",14.51,%,"total population, Live+7+guests",VRM Mediaconcentratie in Vlaanderen 2025,"primary (regulator, based on CIM)",https://www.vlaamseregulatormedia.be/sites/default/files/2025-12/mediaconcentratierapport_2025.pdf,p. 211,VRM: 'opnieuw een recordpeil'
2015,VRT + DPG Media + Play Media,C3 concentration (combined TV share of the 3 largest broadcaster groups),81.2,%,total population,VRM Mediaconcentratie in Vlaanderen 2025,"primary (regulator, based on CIM)",https://www.vlaamseregulatormedia.be/sites/default/files/2025-12/mediaconcentratierapport_2025.pdf,"Tabel 71, p. 211",
2016,VRT + DPG Media + Play Media,C3 concentration (combined TV share of the 3 largest broadcaster groups),80.4,%,total population,VRM Mediaconcentratie in Vlaanderen 2025,"primary (regulator, based on CIM)",https://www.vlaamseregulatormedia.be/sites/default/files/2025-12/mediaconcentratierapport_2025.pdf,"Tabel 71, p. 211",
2017,VRT + DPG Media + Play Media,C3 concentration (combined TV share of the 3 largest broadcaster groups),80.3,%,total population,VRM Mediaconcentratie in Vlaanderen 2025,"primary (regulator, based on CIM)",https://www.vlaamseregulatormedia.be/sites/default/files/2025-12/mediaconcentratierapport_2025.pdf,"Tabel 71, p. 211",
2018,VRT + DPG Media + Play Media,C3 concentration (combined TV share of the 3 largest broadcaster groups),81.05,%,total population,VRM Mediaconcentratie in Vlaanderen 2025,"primary (regulator, based on CIM)",https://www.vlaamseregulatormedia.be/sites/default/files/2025-12/mediaconcentratierapport_2025.pdf,"Tabel 71, p. 211",
2019,VRT + DPG Media + Play Media,C3 concentration (combined TV share of the 3 largest broadcaster groups),80.09,%,total population,VRM Mediaconcentratie in Vlaanderen 2025,"primary (regulator, based on CIM)",https://www.vlaamseregulatormedia.be/sites/default/files/2025-12/mediaconcentratierapport_2025.pdf,"Tabel 71, p. 211",
2020,VRT + DPG Media + Play Media,C3 concentration (combined TV share of the 3 largest broadcaster groups),80.32,%,total population,VRM Mediaconcentratie in Vlaanderen 2025,"primary (regulator, based on CIM)",https://www.vlaamseregulatormedia.be/sites/default/files/2025-12/mediaconcentratierapport_2025.pdf,"Tabel 71, p. 211",
2021,VRT + DPG Media + Play Media,C3 concentration (combined TV share of the 3 largest broadcaster groups),80.61,%,total population,VRM Mediaconcentratie in Vlaanderen 2025,"primary (regulator, based on CIM)",https://www.vlaamseregulatormedia.be/sites/default/files/2025-12/mediaconcentratierapport_2025.pdf,"Tabel 71, p. 211",
2022,VRT + DPG Media + Play Media,C3 concentration (combined TV share of the 3 largest broadcaster groups),81.32,%,total population,VRM Mediaconcentratie in Vlaanderen 2025,"primary (regulator, based on CIM)",https://www.vlaamseregulatormedia.be/sites/default/files/2025-12/mediaconcentratierapport_2025.pdf,"Tabel 71, p. 211",
2023,VRT + DPG Media + Play Media,C3 concentration (combined TV share of the 3 largest broadcaster groups),82.21,%,total population,VRM Mediaconcentratie in Vlaanderen 2025,"primary (regulator, based on CIM)",https://www.vlaamseregulatormedia.be/sites/default/files/2025-12/mediaconcentratierapport_2025.pdf,"Tabel 71, p. 211",
2024,VRT + DPG Media + Play Media,C3 concentration (combined TV share of the 3 largest broadcaster groups),83.78,%,total population,VRM Mediaconcentratie in Vlaanderen 2025,"primary (regulator, based on CIM)",https://www.vlaamseregulatormedia.be/sites/default/files/2025-12/mediaconcentratierapport_2025.pdf,"Tabel 71, p. 211",
2015,Een,"TV market share, full day (channel)",31.7,%,"4+ (CIM/GfK audimetry, VRT-Studiedienst)",VRT jaarverslag 2016,primary,https://www.vrt.be/nl/assets/files/2024-09/VRTJaarverslag2016.pdf,chart 'Marktaandelen televisie (in %)',Q2 shown as 'Q2 (voorheen 2BE)'; CAZ and Zes not shown separately in 2015 chart
2015,Canvas,"TV market share, full day (channel)",5.0,%,"4+ (CIM/GfK audimetry, VRT-Studiedienst)",VRT jaarverslag 2016,primary,https://www.vrt.be/nl/assets/files/2024-09/VRTJaarverslag2016.pdf,chart 'Marktaandelen televisie (in %)',Q2 shown as 'Q2 (voorheen 2BE)'; CAZ and Zes not shown separately in 2015 chart
2015,Ketnet,"TV market share, full day (channel)",1.8,%,"4+ (CIM/GfK audimetry, VRT-Studiedienst)",VRT jaarverslag 2016,primary,https://www.vrt.be/nl/assets/files/2024-09/VRTJaarverslag2016.pdf,chart 'Marktaandelen televisie (in %)',Q2 shown as 'Q2 (voorheen 2BE)'; CAZ and Zes not shown separately in 2015 chart
2015,VTM,"TV market share, full day (channel)",20.6,%,"4+ (CIM/GfK audimetry, VRT-Studiedienst)",VRT jaarverslag 2016,primary,https://www.vrt.be/nl/assets/files/2024-09/VRTJaarverslag2016.pdf,chart 'Marktaandelen televisie (in %)',Q2 shown as 'Q2 (voorheen 2BE)'; CAZ and Zes not shown separately in 2015 chart
2015,Q2,"TV market share, full day (channel)",4.9,%,"4+ (CIM/GfK audimetry, VRT-Studiedienst)",VRT jaarverslag 2016,primary,https://www.vrt.be/nl/assets/files/2024-09/VRTJaarverslag2016.pdf,chart 'Marktaandelen televisie (in %)',Q2 shown as 'Q2 (voorheen 2BE)'; CAZ and Zes not shown separately in 2015 chart
2015,Vitaya,"TV market share, full day (channel)",4.9,%,"4+ (CIM/GfK audimetry, VRT-Studiedienst)",VRT jaarverslag 2016,primary,https://www.vrt.be/nl/assets/files/2024-09/VRTJaarverslag2016.pdf,chart 'Marktaandelen televisie (in %)',Q2 shown as 'Q2 (voorheen 2BE)'; CAZ and Zes not shown separately in 2015 chart
2015,Vier,"TV market share, full day (channel)",7.8,%,"4+ (CIM/GfK audimetry, VRT-Studiedienst)",VRT jaarverslag 2016,primary,https://www.vrt.be/nl/assets/files/2024-09/VRTJaarverslag2016.pdf,chart 'Marktaandelen televisie (in %)',Q2 shown as 'Q2 (voorheen 2BE)'; CAZ and Zes not shown separately in 2015 chart
2015,Vijf,"TV market share, full day (channel)",4.0,%,"4+ (CIM/GfK audimetry, VRT-Studiedienst)",VRT jaarverslag 2016,primary,https://www.vrt.be/nl/assets/files/2024-09/VRTJaarverslag2016.pdf,chart 'Marktaandelen televisie (in %)',Q2 shown as 'Q2 (voorheen 2BE)'; CAZ and Zes not shown separately in 2015 chart
2016,Een,"TV market share, full day (channel)",32.6,%,"4+ (CIM/GfK audimetry, VRT-Studiedienst)",VRT jaarverslag 2017,primary,https://www.vrt.be/nl/assets/files/2024-09/LRN-VRT-Jaarverslag-2017-web-low-2.pdf,chart 'Marktaandelen televisie (in %)',
2016,Canvas,"TV market share, full day (channel)",5.2,%,"4+ (CIM/GfK audimetry, VRT-Studiedienst)",VRT jaarverslag 2017,primary,https://www.vrt.be/nl/assets/files/2024-09/LRN-VRT-Jaarverslag-2017-web-low-2.pdf,chart 'Marktaandelen televisie (in %)',
2016,Ketnet,"TV market share, full day (channel)",1.5,%,"4+ (CIM/GfK audimetry, VRT-Studiedienst)",VRT jaarverslag 2017,primary,https://www.vrt.be/nl/assets/files/2024-09/LRN-VRT-Jaarverslag-2017-web-low-2.pdf,chart 'Marktaandelen televisie (in %)',
2016,VTM,"TV market share, full day (channel)",19.8,%,"4+ (CIM/GfK audimetry, VRT-Studiedienst)",VRT jaarverslag 2017,primary,https://www.vrt.be/nl/assets/files/2024-09/LRN-VRT-Jaarverslag-2017-web-low-2.pdf,chart 'Marktaandelen televisie (in %)',
2016,Q2,"TV market share, full day (channel)",4.4,%,"4+ (CIM/GfK audimetry, VRT-Studiedienst)",VRT jaarverslag 2017,primary,https://www.vrt.be/nl/assets/files/2024-09/LRN-VRT-Jaarverslag-2017-web-low-2.pdf,chart 'Marktaandelen televisie (in %)',
2016,Vitaya,"TV market share, full day (channel)",4.6,%,"4+ (CIM/GfK audimetry, VRT-Studiedienst)",VRT jaarverslag 2017,primary,https://www.vrt.be/nl/assets/files/2024-09/LRN-VRT-Jaarverslag-2017-web-low-2.pdf,chart 'Marktaandelen televisie (in %)',
2016,CAZ,"TV market share, full day (channel)",0.8,%,"4+ (CIM/GfK audimetry, VRT-Studiedienst)",VRT jaarverslag 2017,primary,https://www.vrt.be/nl/assets/files/2024-09/LRN-VRT-Jaarverslag-2017-web-low-2.pdf,chart 'Marktaandelen televisie (in %)',
2016,Vier,"TV market share, full day (channel)",7.7,%,"4+ (CIM/GfK audimetry, VRT-Studiedienst)",VRT jaarverslag 2017,primary,https://www.vrt.be/nl/assets/files/2024-09/LRN-VRT-Jaarverslag-2017-web-low-2.pdf,chart 'Marktaandelen televisie (in %)',
2016,Vijf,"TV market share, full day (channel)",3.5,%,"4+ (CIM/GfK audimetry, VRT-Studiedienst)",VRT jaarverslag 2017,primary,https://www.vrt.be/nl/assets/files/2024-09/LRN-VRT-Jaarverslag-2017-web-low-2.pdf,chart 'Marktaandelen televisie (in %)',
2016,Zes,"TV market share, full day (channel)",0.4,%,"4+ (CIM/GfK audimetry, VRT-Studiedienst)",VRT jaarverslag 2017,primary,https://www.vrt.be/nl/assets/files/2024-09/LRN-VRT-Jaarverslag-2017-web-low-2.pdf,chart 'Marktaandelen televisie (in %)',
2017,Een,"TV market share, full day (channel)",30.1,%,"4+ (CIM/GfK audimetry, VRT-Studiedienst)",VRT jaarverslag 2017,primary,https://www.vrt.be/nl/assets/files/2024-09/LRN-VRT-Jaarverslag-2017-web-low-2.pdf,chart 'Marktaandelen televisie (in %)',
2017,Canvas,"TV market share, full day (channel)",5.4,%,"4+ (CIM/GfK audimetry, VRT-Studiedienst)",VRT jaarverslag 2017,primary,https://www.vrt.be/nl/assets/files/2024-09/LRN-VRT-Jaarverslag-2017-web-low-2.pdf,chart 'Marktaandelen televisie (in %)',
2017,Ketnet,"TV market share, full day (channel)",1.6,%,"4+ (CIM/GfK audimetry, VRT-Studiedienst)",VRT jaarverslag 2017,primary,https://www.vrt.be/nl/assets/files/2024-09/LRN-VRT-Jaarverslag-2017-web-low-2.pdf,chart 'Marktaandelen televisie (in %)',
2017,VTM,"TV market share, full day (channel)",19.6,%,"4+ (CIM/GfK audimetry, VRT-Studiedienst)",VRT jaarverslag 2017,primary,https://www.vrt.be/nl/assets/files/2024-09/LRN-VRT-Jaarverslag-2017-web-low-2.pdf,chart 'Marktaandelen televisie (in %)',
2017,Q2,"TV market share, full day (channel)",4.2,%,"4+ (CIM/GfK audimetry, VRT-Studiedienst)",VRT jaarverslag 2017,primary,https://www.vrt.be/nl/assets/files/2024-09/LRN-VRT-Jaarverslag-2017-web-low-2.pdf,chart 'Marktaandelen televisie (in %)',
2017,Vitaya,"TV market share, full day (channel)",5.2,%,"4+ (CIM/GfK audimetry, VRT-Studiedienst)",VRT jaarverslag 2017,primary,https://www.vrt.be/nl/assets/files/2024-09/LRN-VRT-Jaarverslag-2017-web-low-2.pdf,chart 'Marktaandelen televisie (in %)',
2017,CAZ,"TV market share, full day (channel)",1.6,%,"4+ (CIM/GfK audimetry, VRT-Studiedienst)",VRT jaarverslag 2017,primary,https://www.vrt.be/nl/assets/files/2024-09/LRN-VRT-Jaarverslag-2017-web-low-2.pdf,chart 'Marktaandelen televisie (in %)',
2017,Vier,"TV market share, full day (channel)",7.4,%,"4+ (CIM/GfK audimetry, VRT-Studiedienst)",VRT jaarverslag 2017,primary,https://www.vrt.be/nl/assets/files/2024-09/LRN-VRT-Jaarverslag-2017-web-low-2.pdf,chart 'Marktaandelen televisie (in %)',
2017,Vijf,"TV market share, full day (channel)",3.2,%,"4+ (CIM/GfK audimetry, VRT-Studiedienst)",VRT jaarverslag 2017,primary,https://www.vrt.be/nl/assets/files/2024-09/LRN-VRT-Jaarverslag-2017-web-low-2.pdf,chart 'Marktaandelen televisie (in %)',
2017,Zes,"TV market share, full day (channel)",1.6,%,"4+ (CIM/GfK audimetry, VRT-Studiedienst)",VRT jaarverslag 2017,primary,https://www.vrt.be/nl/assets/files/2024-09/LRN-VRT-Jaarverslag-2017-web-low-2.pdf,chart 'Marktaandelen televisie (in %)',
2015,VRT TV,Average daily reach (viewers per day),2793435,persons,not stated,VRT jaarverslag 2015,primary,https://www.vrt.be/nl/assets/files/2024-09/jaarverslag2015.pdf,text 'Kijken naar VRT-televisie',
2016,VRT TV,Average daily reach (viewers per day),2770761,persons,not stated,VRT jaarverslag 2016,primary,https://www.vrt.be/nl/assets/files/2024-09/VRTJaarverslag2016.pdf,infobox 'Dagelijks bereik',
2017,VRT TV,Average daily reach (viewers per day),2755523,persons,not stated,VRT jaarverslag 2017,primary,https://www.vrt.be/nl/assets/files/2024-09/LRN-VRT-Jaarverslag-2017-web-low-2.pdf,infobox + text,
2018,VRT TV,Average daily reach (viewers per day),2666339,persons,not stated,VRT jaarverslag 2018,primary,https://www.vrt.be/nl/assets/files/2024-09/VRTJaarverslag2018WEB.pdf,infobox + text,
2019,VRT TV,Average daily reach (viewers per day),2643256,persons,not stated,VRT jaarverslag 2019,primary,https://www.vrt.be/nl/assets/files/2024-09/VRT_Jaarverslag-2019-CORPS-lowlowres.pdf,infobox + text,
2020,VRT TV,Average daily reach (viewers per day),2762049,persons,not stated,VRT jaarverslag 2020,primary,https://www.vrt.be/nl/assets/files/2024-09/VRT_jaarverslag2020_A4_030_pages_Compressed.pdf,infobox 'Dagelijks bereik',
2021,VRT TV,Average daily reach (viewers per day),2580861,persons,not stated,VRT jaarverslag 2021,primary,https://www.vrt.be/nl/assets/files/2024-09/Jaarverslag2021.pdf,infobox 'Dagelijks bereik',
2023,VRT TV,Average daily reach (viewers per day),2355396,persons,12+ (CIM),VRT jaarverslag 2023 (copy hosted by Mediaspecs),secondary (copy of primary),https://www.mediaspecs.be/wp-content/uploads/2024/06/vrt-jaarverslag-2023.pdf,infobox 'Dagelijks bereik',"population basis changes: 2023 figure is CIM 12+, not comparable with 4+ years"
2024,VRT TV,Average daily reach (viewers per day),2341668,persons,"4+ (CIM, footnote 2)",VRT jaarverslag 2024,primary,https://www.vrt.be/nl/assets/files/2025-06/Jaarverslag-2024.pdf,infobox 'Dagelijks bereik',
2022,VRT TV,Average daily reach (viewers per day),not found,,,VRT jaarverslag 2022,primary,https://www.vrt.be/nl/assets/files/2024-09/VRTjaarbeeld2022.pdf,searched report text,2022 'jaarbeeld' has no usable daily-reach table; 2025 report has none
2025,VRT TV,Average daily reach (viewers per day),not found,,,VRT jaarverslag 2025,primary,https://www.vrt.be/nl/assets/files/2026-07/JVS_2025_0.pdf,searched report text,2022 'jaarbeeld' has no usable daily-reach table; 2025 report has none
2016,VRT radio,Average daily reach (listeners per day),3097754,persons,not stated,VRT jaarverslag 2016,primary,https://www.vrt.be/nl/assets/files/2024-09/VRTJaarverslag2016.pdf,infobox 'Dagelijks bereik',
2017,VRT radio,Average daily reach (listeners per day),2964195,persons,not stated,VRT jaarverslag 2017,primary,https://www.vrt.be/nl/assets/files/2024-09/LRN-VRT-Jaarverslag-2017-web-low-2.pdf,infobox 'Dagelijks bereik',
2018,VRT radio,Average daily reach (listeners per day),3095876,persons,not stated,VRT jaarverslag 2018,primary,https://www.vrt.be/nl/assets/files/2024-09/VRTJaarverslag2018WEB.pdf,infobox 'Dagelijks bereik',
2019,VRT radio,Average daily reach (listeners per day),2957787,persons,not stated,VRT jaarverslag 2019,primary,https://www.vrt.be/nl/assets/files/2024-09/VRT_Jaarverslag-2019-CORPS-lowlowres.pdf,infobox 'Dagelijks bereik',
2020,VRT radio,Average daily reach (listeners per day),2970097,persons,not stated,VRT jaarverslag 2020,primary,https://www.vrt.be/nl/assets/files/2024-09/VRT_jaarverslag2020_A4_030_pages_Compressed.pdf,infobox 'Dagelijks bereik',
2021,VRT radio,Average daily reach (listeners per day),2693965,persons,not stated,VRT jaarverslag 2021,primary,https://www.vrt.be/nl/assets/files/2024-09/Jaarverslag2021.pdf,infobox 'Dagelijks bereik',
2023,VRT radio,Average daily reach (listeners per day),2482924,persons,12+ (CIM),VRT jaarverslag 2023 (copy hosted by Mediaspecs),secondary (copy of primary),https://www.mediaspecs.be/wp-content/uploads/2024/06/vrt-jaarverslag-2023.pdf,infobox 'Dagelijks bereik',
2024,VRT radio,Average daily reach (listeners per day),2456000,persons,"12+ (CIM, footnote 3)",VRT jaarverslag 2024,primary,https://www.vrt.be/nl/assets/files/2025-06/Jaarverslag-2024.pdf,infobox 'Dagelijks bereik',
2016,VRT online,Average daily reach (surfers per day),918254,persons,,VRT jaarverslag 2016,primary,https://www.vrt.be/nl/assets/files/2024-09/VRTJaarverslag2016.pdf,infobox 'Dagelijks bereik',
2017,VRT online,Average daily reach (surfers per day),1070174,persons,,VRT jaarverslag 2017,primary,https://www.vrt.be/nl/assets/files/2024-09/LRN-VRT-Jaarverslag-2017-web-low-2.pdf,infobox 'Dagelijks bereik',
2018,VRT online,Average daily reach (surfers per day),1217037,persons,,VRT jaarverslag 2018,primary,https://www.vrt.be/nl/assets/files/2024-09/VRTJaarverslag2018WEB.pdf,infobox 'Dagelijks bereik',
2019,VRT online,Average daily reach (surfers per day),1486776,persons,,VRT jaarverslag 2019,primary,https://www.vrt.be/nl/assets/files/2024-09/VRT_Jaarverslag-2019-CORPS-lowlowres.pdf,infobox 'Dagelijks bereik',
2020,VRT online,Average daily reach (surfers per day),2080588,persons,,VRT jaarverslag 2020,primary,https://www.vrt.be/nl/assets/files/2024-09/VRT_jaarverslag2020_A4_030_pages_Compressed.pdf,infobox 'Dagelijks bereik',infobox label says '(Vrtnws.be)'
2021,VRT online,Average daily reach (surfers per day),2115160,persons,,VRT jaarverslag 2021,primary,https://www.vrt.be/nl/assets/files/2024-09/Jaarverslag2021.pdf,infobox 'Dagelijks bereik',
2023,VRT online,Average daily reach (surfers per day),1068769,persons,,VRT jaarverslag 2023 (copy hosted by Mediaspecs),secondary (copy of primary),https://www.mediaspecs.be/wp-content/uploads/2024/06/vrt-jaarverslag-2023.pdf,infobox 'Dagelijks bereik',"CIM 12+, own VRT sites and apps; measurement change, not comparable with earlier years"
2024,VRT online,Average daily reach (surfers per day),1304188,persons,,VRT jaarverslag 2024,primary,https://www.vrt.be/nl/assets/files/2025-06/Jaarverslag-2024.pdf,infobox 'Dagelijks bereik',own VRT sites and apps
2019,VRT (all platforms),Daily reach across platforms and brands,71.6,% of Flemings,VRT totaalbereik survey,VRT jaarverslag 2020,primary,https://www.vrt.be/nl/assets/files/2024-09/VRT_jaarverslag2020_A4_030_pages_Compressed.pdf,infobox 'Dagelijks bereik',
2020,VRT (all platforms),Daily reach across platforms and brands,79.4,% of Flemings,VRT totaalbereik survey,VRT jaarverslag 2020,primary,https://www.vrt.be/nl/assets/files/2024-09/VRT_jaarverslag2020_A4_030_pages_Compressed.pdf,infobox 'Dagelijks bereik',
2021,VRT (all platforms),Daily reach across platforms and brands,75.0,% of Flemings,VRT totaalbereik survey,VRT jaarverslag 2021,primary,https://www.vrt.be/nl/assets/files/2024-09/Jaarverslag2021.pdf,infobox 'Dagelijks bereik',
2023,VRT (all platforms),Daily reach across platforms and brands,71,% of Flemings,VRT totaalbereik survey,VRT jaarverslag 2023 (copy hosted by Mediaspecs),secondary (copy of primary),https://www.mediaspecs.be/wp-content/uploads/2024/06/vrt-jaarverslag-2023.pdf,infobox 'Dagelijks bereik',
2024,VRT (all platforms),Daily reach across platforms and brands,74,% of Flemings,VRT totaalbereik survey,VRT jaarverslag 2024,primary,https://www.vrt.be/nl/assets/files/2025-06/Jaarverslag-2024.pdf,infobox 'Dagelijks bereik',
2016,VRT (all platforms),Weekly reach (totaalbereik),90.7,% of Flemings,15+,VRT jaarverslag 2016,primary,https://www.vrt.be/nl/assets/files/2024-09/VRTJaarverslag2016.pdf,infobox / KPI text,
2017,VRT (all platforms),Weekly reach (totaalbereik),89.4,% of Flemings,15+,VRT jaarverslag 2017,primary,https://www.vrt.be/nl/assets/files/2024-09/LRN-VRT-Jaarverslag-2017-web-low-2.pdf,infobox / KPI text,
2018,VRT (all platforms),Weekly reach (totaalbereik),88.7,% of Flemings,15+,VRT jaarverslag 2018,primary,https://www.vrt.be/nl/assets/files/2024-09/VRTJaarverslag2018WEB.pdf,infobox / KPI text,
2019,VRT (all platforms),Weekly reach (totaalbereik),90.2,% of Flemings,not stated,VRT jaarverslag 2019,primary,https://www.vrt.be/nl/assets/files/2024-09/VRT_Jaarverslag-2019-CORPS-lowlowres.pdf,infobox / KPI text,
2020,VRT (all platforms),Weekly reach (totaalbereik),90.2,% of Flemings,not stated,VRT jaarverslag 2020,primary,https://www.vrt.be/nl/assets/files/2024-09/VRT_jaarverslag2020_A4_030_pages_Compressed.pdf,infobox / KPI text,
2021,VRT (all platforms),Weekly reach (totaalbereik),92.4,% of Flemings,not stated,VRT jaarverslag 2021,primary,https://www.vrt.be/nl/assets/files/2024-09/Jaarverslag2021.pdf,infobox / KPI text,
2022,VRT (all platforms),Weekly reach (totaalbereik),90.0,% of Flemings,12+,VRT jaarverslag 2023 (copy hosted by Mediaspecs),secondary (copy of primary),https://www.mediaspecs.be/wp-content/uploads/2024/06/vrt-jaarverslag-2023.pdf,"text 'ten opzichte van 90,0% in 2022'",
2023,VRT (all platforms),Weekly reach (totaalbereik),88.9,% of Flemings,12+,VRT jaarverslag 2023 (copy hosted by Mediaspecs),secondary (copy of primary),https://www.mediaspecs.be/wp-content/uploads/2024/06/vrt-jaarverslag-2023.pdf,infobox / KPI text,
2024,VRT (all platforms),Weekly reach (totaalbereik),89.9,% of Flemings,12+,VRT jaarverslag 2024,primary,https://www.vrt.be/nl/assets/files/2025-06/Jaarverslag-2024.pdf,infobox / KPI text,
2025,VRT (all platforms),Weekly reach (totaalbereik),90.6,% of Flemings,not stated,VRT jaarverslag 2025,primary,https://www.vrt.be/nl/assets/files/2026-07/JVS_2025_0.pdf,infobox / KPI text,also stated in VRT press release of 2 Jul 2026
2025,VRT (all platforms),Weekly reach (totaalbereik),90.6,% of Flemings,,VRT press release 2 Jul 2026,primary,https://communicatie.vrt.be/vrt-bereikt-recordaantal-vlamingen-en-versnelt-digitale-groei-in-2025,section 'Groot bereik',
2015,All TV (Flanders),Share of Flemings (4+) watching TV on an average day (live and/or delayed),73.3,%,4+ (CIM),VRT jaarverslag 2015,primary,https://www.vrt.be/nl/assets/files/2024-09/jaarverslag2015.pdf,section 'Kijken naar televisie',
2016,All TV (Flanders),Share of Flemings (4+) watching TV on an average day (live and/or delayed),73.7,%,4+ (CIM),VRT jaarverslag 2016,primary,https://www.vrt.be/nl/assets/files/2024-09/VRTJaarverslag2016.pdf,section 'Kijken naar televisie',
2017,All TV (Flanders),Share of Flemings (4+) watching TV on an average day (live and/or delayed),75.0,%,4+ (CIM),VRT jaarverslag 2017,primary,https://www.vrt.be/nl/assets/files/2024-09/LRN-VRT-Jaarverslag-2017-web-low-2.pdf,section 'Kijken naar televisie',
2018,All TV (Flanders),Share of Flemings (4+) watching TV on an average day (live and/or delayed),73.1,%,4+ (CIM),VRT jaarverslag 2018,primary,https://www.vrt.be/nl/assets/files/2024-09/VRTJaarverslag2018WEB.pdf,section 'Kijken naar televisie',
2019,All TV (Flanders),Share of Flemings (4+) watching TV on an average day (live and/or delayed),72.8,%,4+ (CIM),VRT jaarverslag 2019,primary,https://www.vrt.be/nl/assets/files/2024-09/VRT_Jaarverslag-2019-CORPS-lowlowres.pdf,section 'Kijken naar televisie',
2020,All TV (Flanders),Share of Flemings (4+) watching TV on an average day (live and/or delayed),73.2,%,4+ (CIM),VRT jaarverslag 2020,primary,https://www.vrt.be/nl/assets/files/2024-09/VRT_jaarverslag2020_A4_030_pages_Compressed.pdf,section 'Kijken naar televisie',
2015,All TV (Flanders),"Average daily viewing time per TV viewer (those who watched that day), live and delayed",3:56,h:mm,4+ (CIM),VRT jaarverslag 2015,primary,https://www.vrt.be/nl/assets/files/2024-09/jaarverslag2015.pdf,section 'Kijken naar televisie',"per TV viewer, not per inhabitant"
2016,All TV (Flanders),"Average daily viewing time per TV viewer (those who watched that day), live and delayed",3:54,h:mm,4+ (CIM),VRT jaarverslag 2016,primary,https://www.vrt.be/nl/assets/files/2024-09/VRTJaarverslag2016.pdf,section 'Kijken naar televisie',"per TV viewer, not per inhabitant"
2017,All TV (Flanders),"Average daily viewing time per TV viewer (those who watched that day), live and delayed",3:47,h:mm,4+ (CIM),VRT jaarverslag 2017,primary,https://www.vrt.be/nl/assets/files/2024-09/LRN-VRT-Jaarverslag-2017-web-low-2.pdf,section 'Kijken naar televisie',"per TV viewer, not per inhabitant"
2018,All TV (Flanders),"Average daily viewing time per TV viewer (those who watched that day), live and delayed",3:44,h:mm,4+ (CIM),VRT jaarverslag 2018,primary,https://www.vrt.be/nl/assets/files/2024-09/VRTJaarverslag2018WEB.pdf,section 'Kijken naar televisie',"per TV viewer, not per inhabitant"
2019,All TV (Flanders),"Average daily viewing time per TV viewer (those who watched that day), live and delayed",3:44,h:mm,4+ (CIM),VRT jaarverslag 2019,primary,https://www.vrt.be/nl/assets/files/2024-09/VRT_Jaarverslag-2019-CORPS-lowlowres.pdf,section 'Kijken naar televisie',"per TV viewer, not per inhabitant"
2015,VRT TV,Average daily viewing time per Fleming (4+) on VRT channels incl. delayed,1:50,h:mm,4+,VRT jaarverslag 2015,primary,https://www.vrt.be/nl/assets/files/2024-09/jaarverslag2015.pdf,text 'Kijken naar VRT-televisie',
2016,VRT TV,Average daily viewing time per Fleming (4+) on VRT channels incl. delayed,1:54,h:mm,4+,VRT jaarverslag 2016,primary,https://www.vrt.be/nl/assets/files/2024-09/VRTJaarverslag2016.pdf,text 'Kijken naar VRT-televisie',
2017,VRT TV,Average daily viewing time per Fleming (4+) on VRT channels incl. delayed,1:49,h:mm,4+,VRT jaarverslag 2017,primary,https://www.vrt.be/nl/assets/files/2024-09/LRN-VRT-Jaarverslag-2017-web-low-2.pdf,text 'Kijken naar VRT-televisie',
2018,VRT TV,Average daily viewing time per Fleming (4+) on VRT channels incl. delayed,1:49,h:mm,4+,VRT jaarverslag 2018,primary,https://www.vrt.be/nl/assets/files/2024-09/VRTJaarverslag2018WEB.pdf,text 'Kijken naar VRT-televisie',
2019,VRT TV,Average daily viewing time per Fleming (4+) on VRT channels incl. delayed,1:47,h:mm,4+,VRT jaarverslag 2019,primary,https://www.vrt.be/nl/assets/files/2024-09/VRT_Jaarverslag-2019-CORPS-lowlowres.pdf,text 'Kijken naar VRT-televisie',
2017,VRT TV,Share of VRT TV viewing watched live (rest = delayed up to 7 days),87.7,%,,VRT jaarverslag 2017,primary,https://www.vrt.be/nl/assets/files/2024-09/LRN-VRT-Jaarverslag-2017-web-low-2.pdf,text,
2018,VRT TV,Share of VRT TV viewing watched live (rest = delayed up to 7 days),86.1,%,,VRT jaarverslag 2018,primary,https://www.vrt.be/nl/assets/files/2024-09/VRTJaarverslag2018WEB.pdf,text,
2019,VRT TV,Share of VRT TV viewing watched live (rest = delayed up to 7 days),83.6,%,,VRT jaarverslag 2019,primary,https://www.vrt.be/nl/assets/files/2024-09/VRT_Jaarverslag-2019-CORPS-lowlowres.pdf,text,
2020,VRT TV,Share of VRT TV viewing watched live (rest = delayed up to 7 days),81.5,%,,VRT jaarverslag 2020,primary,https://www.vrt.be/nl/assets/files/2024-09/VRT_jaarverslag2020_A4_030_pages_Compressed.pdf,text,2020 report states 18.5% delayed; 81.5% = 100 - 18.5
2025,All TV (North),Share of TV viewing watched live,71,%,CIM,CIM TV key figures 2025,primary,https://www.cim.be/nl/televisie,"key figures, region North",29% delayed
2017,VRT NU,Launch date,2017-01-30,date,,VRT jaarverslag 2016,primary,https://www.vrt.be/nl/assets/files/2024-09/VRTJaarverslag2016.pdf,text on VRT NU launch,
2017,VRT NU,Video starts in the year,33513764,starts,,VRT jaarverslag 2018,primary,https://www.vrt.be/nl/assets/files/2024-09/VRTJaarverslag2018WEB.pdf,section on VRT NU / infobox,
2018,VRT NU,Video starts in the year,52799274,starts,,VRT jaarverslag 2018,primary,https://www.vrt.be/nl/assets/files/2024-09/VRTJaarverslag2018WEB.pdf,section on VRT NU / infobox,"2019 report gives 52,960,012 for 2018"
2019,VRT NU,Video starts in the year,71552287,starts,,VRT jaarverslag 2019,primary,https://www.vrt.be/nl/assets/files/2024-09/VRT_Jaarverslag-2019-CORPS-lowlowres.pdf,section on VRT NU / infobox,
2020,VRT NU,Video starts in the year,120708377,starts,,VRT jaarverslag 2020,primary,https://www.vrt.be/nl/assets/files/2024-09/VRT_jaarverslag2020_A4_030_pages_Compressed.pdf,section on VRT NU / infobox,+68.7% vs 2019
2021,VRT NU,Video starts in the year,142852816,starts,,VRT jaarverslag 2021,primary,https://www.vrt.be/nl/assets/files/2024-09/Jaarverslag2021.pdf,section on VRT NU / infobox,
2024,VRT MAX,"Starts of video, podcast or other digital content in the year",284000000,starts,,VRT press release 20 Dec 2024,primary,https://communicatie.vrt.be/2024-het-jaar-van-een-nieuwe-groeispurt-voor-vrt-max,bullet list,includes audio and other content: NOT comparable with VRT NU video starts
2024,VRT MAX,Monthly media users,1500000,users per month (approx.),,VRT press release 20 Dec 2024,primary,https://communicatie.vrt.be/2024-het-jaar-van-een-nieuwe-groeispurt-voor-vrt-max,bullet list,"'zo'n 1,5 miljoen'"
2021,VRT NU,Monthly reach (approx.),800000,Flemings per month,,VRT jaarverslag 2021,primary,https://www.vrt.be/nl/assets/files/2024-09/Jaarverslag2021.pdf,text on VRT NU,'ongeveer 800.000'
2023,VRT MAX,Weekly reach,1046703,Flemings per week,,VRT jaarverslag 2023 (copy hosted by Mediaspecs),secondary (copy of primary),https://www.mediaspecs.be/wp-content/uploads/2024/06/vrt-jaarverslag-2023.pdf,text on VRT MAX,
2022,VRT MAX,Rename VRT NU -> VRT MAX,2022,year,,VRT press release 20 Dec 2024,primary,https://communicatie.vrt.be/2024-het-jaar-van-een-nieuwe-groeispurt-voor-vrt-max,intro: 'Toen VRT MAX in 2022 het daglicht zag',
2018,VRT NU / VRT MAX,Registered users at year end,1542167,accounts/profiles,,VRT jaarverslag 2018,primary,https://www.vrt.be/nl/assets/files/2024-09/VRTJaarverslag2018WEB.pdf,text on registered users,VRT NU accounts
2019,VRT NU / VRT MAX,Registered users at year end,2235543,accounts/profiles,,VRT jaarverslag 2019,primary,https://www.vrt.be/nl/assets/files/2024-09/VRT_Jaarverslag-2019-CORPS-lowlowres.pdf,text on registered users,VRT NU accounts
2021,VRT NU / VRT MAX,Registered users at year end,2871262,accounts/profiles,,VRT jaarverslag 2021,primary,https://www.vrt.be/nl/assets/files/2024-09/Jaarverslag2021.pdf,text on registered users,registered VRT profiles (13+); definition changes from 'VRT NU accounts' to 'VRT profiles'
2022,VRT NU / VRT MAX,Registered users at year end,3383300,accounts/profiles,,VRT jaarverslag 2023 (copy hosted by Mediaspecs),secondary (copy of primary),https://www.mediaspecs.be/wp-content/uploads/2024/06/vrt-jaarverslag-2023.pdf,text on registered users,registered VRT profiles
2023,VRT NU / VRT MAX,Registered users at year end,3662544,accounts/profiles,,VRT jaarverslag 2023 (copy hosted by Mediaspecs),secondary (copy of primary),https://www.mediaspecs.be/wp-content/uploads/2024/06/vrt-jaarverslag-2023.pdf,text on registered users,registered VRT profiles
2024,VRT NU / VRT MAX,Registered users at year end,4284025,accounts/profiles,,VRT jaarverslag 2025,primary,https://www.vrt.be/nl/assets/files/2026-07/JVS_2025_0.pdf,text on registered users,registered VRT profiles
2025,VRT NU / VRT MAX,Registered users at year end,4407068,accounts/profiles,,VRT jaarverslag 2025,primary,https://www.vrt.be/nl/assets/files/2026-07/JVS_2025_0.pdf,text on registered users,registered VRT profiles; press release: 4.4M = 64.2% of Flemings
2021,VRT NU / VRT MAX,Active VRT profiles at year end,1118784,profiles,,VRT jaarverslag 2021,primary,https://www.vrt.be/nl/assets/files/2024-09/Jaarverslag2021.pdf,text on active profiles,
2022,VRT NU / VRT MAX,Active VRT profiles at year end,1358728,profiles,,VRT jaarverslag 2023 (copy hosted by Mediaspecs),secondary (copy of primary),https://www.mediaspecs.be/wp-content/uploads/2024/06/vrt-jaarverslag-2023.pdf,text on active profiles,
2023,VRT NU / VRT MAX,Active VRT profiles at year end,1627182,profiles,,VRT jaarverslag 2023 (copy hosted by Mediaspecs),secondary (copy of primary),https://www.mediaspecs.be/wp-content/uploads/2024/06/vrt-jaarverslag-2023.pdf,text on active profiles,
2024,VRT NU / VRT MAX,Active VRT profiles at year end,2116990,profiles,,VRT jaarverslag 2024,primary,https://www.vrt.be/nl/assets/files/2025-06/Jaarverslag-2024.pdf,text on active profiles,
2025,VRT NU / VRT MAX,Active VRT profiles at year end,2111700,profiles,,VRT jaarverslag 2025,primary,https://www.vrt.be/nl/assets/files/2026-07/JVS_2025_0.pdf,text on active profiles,
2015,VRT radio,Radio market share,62.2,%,,VRT jaarverslag 2016,primary,https://www.vrt.be/nl/assets/files/2024-09/VRTJaarverslag2016.pdf,text radio,
2016,VRT radio,Radio market share,64.1,%,,VRT jaarverslag 2016,primary,https://www.vrt.be/nl/assets/files/2024-09/VRTJaarverslag2016.pdf,text radio,
2017,"Reizen Waes (Een, 5 Mar 2017)",Most-watched programme of the year,1944400,viewers,CIM,"VRT NWS / Belga, 12 Feb 2018",secondary (news report of CIM data),https://www.vrt.be/vrtnws/nl/2018/02/12/deze-programma-s-haalden-in-2017-de-hoogste-kijkcijfers/,article,18 of the 2017 top 20 were VRT programmes
2016,"EK 1/8 final Hungary-Belgium (Een, 26 Jun 2016)",Highest-rated broadcast (all-time record at the time),2420200,viewers,"Live+7, 4+ incl. guests (corrected by CIM)","Sporza, 1 Aug 2016",secondary (news report of CIM data),https://sporza.be/nl/2016/08/01/ek-match-hongarije-belgie-levert-kijkcijferrecord-op-1-2727087/,table,80.5% market share; CIM corrected guest viewing for 18 May-17 Jul 2016
2024,"Lotte Kopecky bronze, Olympic Games (VRT)",Peak audience,1037052,viewers (peak),,VRT jaarverslag 2024,primary,https://www.vrt.be/nl/assets/files/2025-06/Jaarverslag-2024.pdf,Sporza box,
2020,DPG Media,Channel rename / launch,"Q2 -> VTM 2, Vitaya -> VTM 3, CAZ -> VTM 4 on 2020-08-31",event,,DPG Media press release,primary,https://communicatie.dpgmedia.be/van-familiezender-naar-een-familie-van-zenders-vtm-breidt-vanaf-het-najaar-uit-met-vtm-2-vtm-3-en-vtm-4,page,
2021,SBS Belgium / Play Media,Channel rename / launch,VIER/VIJF/ZES -> Play4/Play5/Play6 on 2021-01-28; Play7 launched 2021-04-02,event,,Mediaspecs (reprint of press release),secondary,https://www.mediaspecs.be/vier-vijf-en-zes-worden-play4-play5-en-play6-vanaf-2-april-nieuwe-vrouwenzender-play7/,page,
2023,VRT,Channel rename / launch,Een -> VRT 1 on 2023-05-01,event,,VRT NWS,primary,https://www.vrt.be/vrtnws/nl/2023/04/28/een-wordt-vanaf-vandaag-vrt-1/,page,
2023,VRT,Channel rename / launch,Canvas -> VRT CANVAS on 2023-09-04,event,,VRT,primary,https://www.vrt.be/nl/over-ons/nieuws-over-vrt/canvas-wordt-vrt-canvas,page,
2025,Play Media,Channel rename / launch,Play4 -> PLAY; Play5/6/7 -> Play Fictie/Actie/Reality on 2025-10-14,event,,Telenet customer notice,primary,https://www2.telenet.be/residential/nl/klantenservice/tv-en-entertainment/zenders/zenderaanpassingen.html,page,
